worker_id,average_monthly_income,income_volatility,working_days_per_month,gig_duration_months,completion_rate,cancellation_rate,platform_rating,existing_monthly_obligations,income_month_1,income_month_2,income_month_3,income_month_4,income_month_5,income_month_6,loan_repaid
1,1096.42,0.359,21,12,0.27,0.163,4.04,309.83,1196.74,771.52,1440.57,1451.0,641.79,1006.7,1
2,2455.55,0.369,20,14,0.53,0.149,3.94,223.93,2169.04,531.94,1805.97,3789.03,1534.45,2288.44,1
3,1340.45,0.284,21,29,0.596,0.082,4.31,194.01,1390.16,1299.8,1741.66,1921.3,793.69,1111.6,1
4,1606.0,0.335,15,21,0.519,0.13,3.86,508.89,1754.79,1713.19,2342.52,1535.47,1890.8,1673.44,1
5,6859.84,0.298,22,19,0.596,0.128,4.24,645.04,2837.69,8949.48,7443.47,5509.87,5016.39,8267.34,1
6,3420.06,0.249,27,34,0.824,0.092,4.02,606.18,3587.44,2451.65,4464.82,2469.33,1836.37,2273.01,1
7,1894.58,0.351,20,16,0.599,0.136,3.83,436.71,1961.72,1953.42,989.87,1535.72,1627.9,2321.78,1
8,673.36,0.429,15,22,0.389,0.186,3.19,125.66,1180.01,999.21,512.12,811.0,351.8,943.01,1
9,1560.12,0.255,17,32,0.622,0.061,4.48,424.28,1507.66,1331.18,1635.58,1022.83,2141.4,1788.07,1
10,908.28,0.125,20,30,0.748,0.102,4.86,274.35,821.21,969.27,933.67,802.86,923.4,893.5,1
11,2189.62,0.448,20,12,0.37,0.205,4.06,478.16,2452.76,3755.24,3590.14,2740.63,748.69,2709.59,1
12,2537.51,0.303,22,31,0.672,0.137,3.63,738.94,2594.73,1104.17,1768.79,2039.97,2975.19,3537.46,1
13,1495.42,0.112,20,19,0.842,0.024,3.87,158.08,1473.5,1541.19,1405.29,1557.53,1509.69,1485.65,1
14,2771.92,0.307,11,15,0.494,0.192,4.2,464.01,1682.93,3762.06,2699.56,2078.58,2568.75,2792.02,1
15,4382.58,0.222,24,37,0.703,0.029,4.3,1632.14,4230.64,4041.03,3877.52,4662.86,5916.05,6459.4,1
16,1251.65,0.338,15,19,0.365,0.157,3.74,419.85,1006.84,1837.8,810.96,925.4,839.33,1381.52,1
17,1802.28,0.465,21,21,0.345,0.17,3.19,140.3,1620.9,2333.69,1402.99,208.63,2669.62,958.28,1
18,830.22,0.428,16,13,0.396,0.108,3.78,148.59,1090.36,1458.88,742.98,1169.87,684.71,1140.39,1
19,1160.07,0.261,17,19,0.645,0.094,3.49,221.44,956.1,1336.21,1597.8,949.64,1154.52,1281.62,1
20,769.96,0.3,21,14,0.569,0.139,4.05,164.25,718.81,1198.25,534.09,712.48,596.61,618.43,0
21,1500.71,0.232,30,31,0.72,0.0,4.59,423.08,1689.44,1605.33,1784.98,1259.69,1261.46,1115.73,1
22,1228.63,0.431,21,19,0.368,0.158,4.14,401.92,1085.92,504.06,1902.52,1517.06,997.64,1355.02,1
23,607.78,0.239,22,31,0.627,0.026,4.33,111.22,986.26,516.25,533.42,656.11,332.06,599.06,1
24,1865.95,0.387,20,18,0.313,0.294,3.03,503.36,2045.77,2601.78,2053.74,2257.65,2116.43,966.91,1
25,2325.0,0.259,14,20,0.643,0.12,4.05,539.06,1576.96,2926.55,2671.91,1993.99,2394.2,2271.71,0
26,1372.37,0.261,17,29,0.63,0.119,4.8,244.71,1071.97,1261.2,1519.47,1354.57,836.32,1318.17,0
27,150.0,0.534,7,10,0.151,0.244,2.94,6.62,74.7,294.55,156.58,183.41,202.87,145.0,1
28,1680.85,0.283,29,31,0.713,0.122,4.02,439.51,1288.82,1512.66,1358.29,2415.09,2373.21,1914.44,1
29,702.9,0.374,26,12,0.543,0.183,4.27,160.55,844.04,824.33,877.02,783.47,528.25,239.82,0
30,1344.76,0.139,25,27,0.971,0.0,4.56,283.97,1137.52,1426.1,1274.62,1156.84,1197.78,1136.46,1
31,3173.27,0.393,20,11,0.509,0.208,4.59,322.08,2759.86,1512.57,3209.03,3507.66,4563.04,2565.46,1
32,350.42,0.166,17,33,0.713,0.154,3.93,118.0,416.84,344.0,360.64,340.83,373.86,427.51,1
33,709.14,0.452,17,17,0.223,0.211,3.08,136.3,542.4,1472.73,983.74,67.97,665.54,1468.7,1
34,2099.7,0.556,24,17,0.136,0.23,3.73,186.22,2882.99,1023.88,4348.64,0.0,3049.89,2105.35,1
35,1122.9,0.238,23,28,0.726,0.0,3.6,85.13,673.65,1289.77,925.96,1105.15,1196.07,1135.06,1
36,593.61,0.542,14,12,0.136,0.174,3.15,139.02,474.43,222.42,610.51,599.33,1052.94,0.0,1
37,2889.8,0.504,10,18,0.179,0.251,3.31,683.67,1599.54,1531.46,727.95,2460.53,2865.39,4207.02,1
38,2617.72,0.138,29,33,0.804,0.129,4.66,374.23,2726.35,2105.21,3154.56,2938.13,2772.26,2780.66,1
39,2348.76,0.356,19,17,0.503,0.181,3.94,509.71,1483.59,3135.59,2385.43,1566.89,3266.85,2585.49,1
40,1662.85,0.289,14,24,0.503,0.14,4.1,388.12,2658.9,1243.49,1518.63,995.73,484.81,1063.1,1
41,1600.82,0.235,18,22,0.861,0.151,3.85,306.07,984.82,2077.09,1620.45,1290.57,2027.02,2344.77,1
42,3022.13,0.285,17,23,0.685,0.149,4.51,374.42,3999.58,2564.88,3110.57,2497.36,2587.44,4330.71,1
43,4183.07,0.457,19,23,0.539,0.116,5.0,1074.67,5863.53,4427.97,2782.79,4071.8,5139.65,4746.27,1
44,365.68,0.575,17,6,0.051,0.366,3.42,90.33,430.78,452.11,615.27,198.09,715.31,574.1,0
45,1071.17,0.493,16,11,0.322,0.135,3.45,241.46,1099.93,216.79,1411.86,0.0,909.53,1098.18,0
46,1325.28,0.476,22,12,0.351,0.109,2.99,150.16,2494.34,1453.63,1819.49,0.0,1038.2,1842.75,0
47,1380.33,0.156,23,32,0.878,0.029,3.96,101.48,1913.73,1455.86,1233.54,1406.92,1368.51,1098.13,1
48,3548.38,0.137,27,29,0.789,0.035,4.12,660.43,3447.44,4103.58,3190.85,2998.53,2841.09,2441.05,1
49,1166.9,0.59,15,15,0.311,0.174,3.07,296.82,1275.53,506.24,1088.71,0.0,2681.1,292.79,0
50,5546.41,0.409,30,22,0.317,0.231,3.65,1459.98,4294.58,3694.91,7359.24,6962.62,5450.06,3718.79,1
51,3524.95,0.113,22,41,0.987,0.021,5.0,799.28,3060.24,3787.07,3724.34,4139.05,4178.96,3269.18,1
52,2840.26,0.388,16,20,0.518,0.14,4.26,408.89,3351.02,4397.95,1982.58,2736.09,2472.78,3334.48,1
53,677.44,0.284,17,19,0.567,0.131,3.91,78.36,725.45,563.48,805.87,729.07,683.98,627.95,1
54,965.76,0.258,21,23,0.807,0.0,3.49,172.53,564.21,657.73,723.34,1034.81,1201.23,958.61,1
55,807.02,0.245,14,29,0.773,0.001,4.47,144.79,897.35,744.27,675.95,348.77,588.66,572.34,1
56,2981.44,0.382,20,13,0.257,0.187,3.61,800.77,3303.64,1828.33,3160.92,3992.68,2864.74,1534.92,1
57,449.59,0.571,9,8,0.207,0.176,2.6,63.67,295.36,551.64,149.08,767.66,682.21,460.14,0
58,922.88,0.273,22,29,0.72,0.079,4.28,136.83,755.21,651.23,680.49,1384.97,869.29,786.51,1
59,729.21,0.223,17,27,0.738,0.156,4.46,251.14,798.03,887.21,981.28,658.13,650.75,729.95,1
60,5221.59,0.59,15,13,0.309,0.189,2.31,1587.87,10179.94,5876.84,9432.23,1723.3,8658.57,6899.35,0
61,1838.5,0.109,26,39,0.998,0.0,4.01,201.09,1918.56,2040.27,2298.6,2111.49,2120.04,2167.94,1
62,1658.11,0.654,25,5,0.063,0.215,3.02,493.29,2505.08,0.0,2147.07,2199.52,3351.14,1635.92,0
63,402.01,0.618,11,10,0.246,0.294,3.39,36.28,195.25,0.0,562.2,619.32,234.31,852.54,1
64,1849.79,0.59,16,13,0.272,0.279,3.09,268.73,1397.7,3260.47,1680.69,1143.65,1217.59,2293.15,1
65,400.47,0.448,16,20,0.346,0.213,3.23,61.83,509.62,271.31,337.57,449.22,315.82,524.25,1
66,723.39,0.339,17,27,0.477,0.073,4.07,125.72,390.62,364.16,937.0,465.33,899.42,981.38,1
67,810.48,0.37,17,16,0.557,0.146,3.5,186.07,872.63,749.68,1218.99,808.91,451.51,1026.36,1
68,1760.73,0.338,23,22,0.456,0.175,4.0,331.93,2054.35,1904.94,2228.85,1553.71,1082.14,1283.65,1
69,741.81,0.408,17,17,0.335,0.188,3.11,170.01,730.15,694.02,487.86,1450.46,525.8,1069.3,1
70,5359.89,0.103,30,23,0.824,0.036,3.72,792.47,5536.5,5618.7,5576.46,5663.28,4841.05,5153.02,1
71,1750.11,0.448,20,15,0.381,0.157,3.83,367.41,1795.43,2010.72,1146.48,63.4,2443.26,1986.57,1
72,765.87,0.378,15,27,0.412,0.135,3.74,142.69,585.9,846.91,672.0,765.42,1002.19,804.3,1
73,1933.38,0.496,16,15,0.124,0.182,3.71,133.27,803.11,3226.99,3503.16,2286.6,1471.26,3031.01,1
74,1011.61,0.352,17,24,0.585,0.192,3.52,221.18,979.42,1006.56,584.02,842.67,942.51,1151.72,1
75,1321.18,0.195,26,31,0.728,0.132,3.82,247.97,1657.72,1309.94,1880.67,1036.69,665.98,963.58,1
76,2664.19,0.12,17,26,1.0,0.006,4.87,327.39,2990.66,2920.05,2839.33,2874.7,2518.41,3330.81,1
77,305.32,0.328,16,23,0.647,0.126,3.33,44.58,270.7,360.72,258.59,208.94,430.02,389.02,1
78,2124.63,0.337,18,20,0.657,0.125,4.33,314.39,1862.85,1479.05,2173.41,2536.1,1758.66,1731.0,1
79,920.74,0.469,22,15,0.458,0.273,4.14,147.69,730.88,880.97,624.98,469.14,449.0,429.66,1
80,1150.15,0.259,26,31,0.736,0.13,4.29,368.87,1019.41,1280.48,987.5,991.37,1559.44,1432.46,1
81,4654.14,0.465,24,14,0.393,0.214,3.25,1616.01,5277.16,3383.56,4812.84,6724.36,2241.11,2447.7,1
82,1184.86,0.265,23,16,0.641,0.112,3.61,0.0,1517.29,1015.37,1081.46,1338.64,1670.88,1436.58,1
83,2501.86,0.331,20,20,0.591,0.101,3.67,548.04,4376.9,1348.85,1728.77,2527.9,4894.88,3387.74,1
84,1948.84,0.358,24,30,0.792,0.141,3.37,499.68,1369.49,0.0,1794.27,1927.96,1872.48,1495.21,1
85,1940.21,0.149,18,21,0.775,0.109,3.81,315.7,2128.16,1832.23,1560.76,1966.34,2299.21,1726.91,1
86,725.13,0.461,10,12,0.267,0.162,3.56,184.36,906.37,767.67,300.12,460.62,167.41,568.0,1
87,1276.23,0.297,22,24,0.552,0.155,4.09,398.61,1151.15,860.71,789.91,700.9,626.46,901.12,1
88,3066.29,0.308,16,29,0.51,0.184,3.28,215.41,2097.51,4367.3,4644.38,3603.71,2314.0,3283.05,1
89,2657.88,0.266,21,15,0.596,0.016,4.16,506.86,2852.41,1918.47,2944.42,3738.77,3238.85,2920.87,1
90,1129.89,0.265,21,25,0.425,0.118,4.08,380.25,1765.74,1403.6,1308.62,1311.13,1130.41,1348.1,1
91,828.59,0.304,22,20,0.563,0.147,4.47,67.1,896.28,933.92,831.42,892.53,781.7,618.95,1
92,1368.14,0.123,27,27,0.856,0.0,4.39,233.65,1235.58,1734.59,1453.39,1164.65,1150.79,1509.57,1
93,3614.12,0.18,27,30,0.783,0.0,4.69,520.9,3512.08,3964.4,4377.07,4183.28,3531.49,2973.27,1
94,2741.19,0.337,20,20,0.501,0.131,3.83,724.09,1686.62,1403.5,3118.39,3186.45,2145.9,3517.57,1
95,1554.39,0.463,16,16,0.32,0.215,3.85,427.92,1567.71,2313.11,2734.76,2101.39,890.57,484.6,1
96,392.21,0.556,17,8,0.126,0.265,2.7,75.69,541.16,762.22,384.1,617.56,172.64,733.92,1
97,2753.73,0.144,21,26,0.958,0.11,4.28,502.77,2480.03,2053.39,2990.4,3380.48,2829.58,2547.64,1
98,2437.9,0.507,17,15,0.31,0.197,3.37,103.53,0.0,3228.21,3308.44,1059.5,1547.19,3178.7,1
99,1927.98,0.429,30,21,0.461,0.136,3.54,566.52,2157.23,2640.31,1156.26,860.72,1922.58,2489.73,1
100,4704.62,0.349,21,11,0.564,0.064,3.9,713.91,3880.54,4354.93,4774.85,4948.05,1798.02,2618.7,1
101,574.72,0.444,20,16,0.337,0.167,3.73,96.91,383.29,0.0,105.13,339.47,703.02,787.69,1
102,1911.93,0.379,17,22,0.341,0.22,3.87,492.76,1362.28,1697.69,1817.92,1118.77,2086.18,1513.25,0
103,1120.91,0.166,28,37,0.829,0.101,4.22,219.48,1195.22,1013.04,1069.09,1347.42,1077.96,1064.09,1
104,1869.93,0.653,18,11,0.0,0.283,2.76,486.76,1371.56,3738.97,1455.81,637.08,2067.26,1051.07,0
105,1890.32,0.465,21,13,0.377,0.203,3.93,431.51,2708.49,1812.42,1531.98,1880.59,2711.76,3309.38,0
106,3715.25,0.443,19,19,0.429,0.227,3.68,729.31,5281.62,3037.17,4557.22,1032.25,1332.57,1791.14,1
107,2393.51,0.266,26,18,0.714,0.095,3.55,490.27,2221.46,2020.65,1830.36,2433.58,2435.91,2667.05,1
108,980.51,0.538,22,8,0.245,0.277,3.23,88.42,705.5,1152.5,1962.56,1605.02,291.41,651.22,1
109,993.75,0.468,20,19,0.482,0.113,2.91,167.03,1053.16,1020.2,1257.77,1558.14,1034.51,1501.37,0
110,1030.65,0.45,18,18,0.195,0.218,3.5,274.9,963.23,664.32,658.28,1515.26,910.61,2107.17,1
111,1171.61,0.323,24,26,0.519,0.116,3.71,126.66,509.31,1271.39,1416.2,1141.99,1162.2,933.39,1
112,2554.75,0.399,15,26,0.284,0.239,3.37,313.67,4504.0,1987.27,3567.87,3686.66,3418.74,2697.38,1
113,2264.21,0.501,15,14,0.239,0.16,4.03,248.23,3074.98,0.0,2683.16,2752.35,3193.22,1827.01,0
114,673.28,0.164,22,23,0.832,0.046,3.59,129.45,621.95,747.26,561.89,624.66,793.62,788.24,0
115,1458.69,0.188,16,26,0.851,0.0,4.43,426.23,933.17,1615.87,2072.21,1563.36,1349.99,1390.49,1
116,1778.84,0.305,25,36,0.673,0.132,4.8,398.06,1681.07,1887.07,2125.35,2258.76,2159.87,2269.52,1
117,1053.81,0.118,20,23,0.846,0.121,4.72,6.16,980.72,998.81,898.73,888.77,1116.78,1004.37,1
118,1456.24,0.468,16,16,0.234,0.257,3.46,337.69,1414.99,1407.16,1598.65,734.07,1203.44,2984.26,0
119,3605.12,0.34,20,26,0.636,0.152,3.48,521.42,949.54,4610.58,3334.74,3428.88,3748.96,915.61,1
120,2127.81,0.457,19,14,0.427,0.205,2.96,469.71,1668.24,1512.96,2134.06,938.86,1999.17,2494.55,1
121,3456.56,0.179,20,25,0.706,0.128,3.85,580.84,3202.3,3987.96,2718.65,2692.49,4318.83,3450.04,1
122,926.71,0.293,20,16,0.398,0.201,3.51,103.02,874.49,526.21,941.46,812.5,1146.72,914.02,0
123,1602.66,0.251,21,20,0.661,0.139,3.69,279.31,1507.64,1670.3,1268.28,2001.69,1467.55,1717.46,1
124,673.18,0.485,16,8,0.081,0.217,3.22,97.4,690.25,681.6,558.96,991.19,540.69,692.28,1
125,1772.4,0.218,19,24,0.79,0.063,4.05,362.66,2359.77,2159.57,1922.0,1896.38,2142.16,1856.98,1
126,2499.74,0.136,28,26,0.786,0.077,4.46,272.77,2324.55,2187.16,2337.61,2561.06,2955.54,2638.56,1
127,1182.44,0.658,7,8,0.0,0.253,2.57,106.44,473.13,552.03,956.36,2807.49,1428.08,2543.98,1
128,2091.08,0.55,15,9,0.177,0.147,2.89,498.86,103.73,486.67,3034.79,1470.54,2848.79,0.0,1
129,2482.76,0.196,21,31,0.791,0.01,4.06,667.14,2234.14,2207.08,2050.51,2600.03,3116.66,3381.26,1
130,785.87,0.427,20,15,0.401,0.181,3.49,177.93,315.27,871.65,568.1,588.06,727.17,1645.57,1
131,507.64,0.382,14,14,0.638,0.156,4.43,65.03,694.0,158.66,264.11,257.74,523.84,167.74,0
132,1286.81,0.566,14,10,0.198,0.221,3.31,155.44,1216.83,964.29,687.62,2149.61,1641.23,1321.66,1
133,3448.91,0.282,20,18,0.441,0.298,3.09,432.5,4362.66,4042.98,3574.5,3152.06,3031.66,4782.66,1
134,1688.02,0.281,25,27,0.661,0.059,4.1,424.08,2382.61,1639.26,1991.06,2017.29,2493.19,2123.31,0
135,718.11,0.186,24,30,0.743,0.107,4.37,81.86,602.56,728.15,610.43,685.23,659.6,942.0,1
136,5869.34,0.124,19,30,1.0,0.085,4.33,1471.58,5616.4,4772.64,6313.39,6777.11,5913.97,6140.18,1
137,1248.4,0.594,14,14,0.152,0.285,2.71,288.32,2235.42,1174.25,1326.39,509.28,2668.78,0.0,0
138,1611.76,0.41,23,20,0.442,0.192,4.32,449.71,1736.84,1630.72,697.78,2381.16,381.02,2474.19,1
139,636.87,0.327,16,25,0.439,0.214,3.4,168.81,745.4,602.8,673.2,822.95,681.81,769.11,1
140,1476.81,0.347,20,17,0.577,0.129,4.12,329.94,2006.86,1555.22,2089.66,555.95,1137.86,2229.22,1
141,2335.7,0.309,21,25,0.621,0.198,4.02,145.99,2982.95,2112.52,969.64,1962.54,2335.82,1228.21,1
142,1704.49,0.413,18,17,0.326,0.253,3.85,390.01,1993.63,1383.17,3117.37,2423.78,854.82,847.7,1
143,1084.93,0.5,29,14,0.339,0.143,4.22,205.31,1842.48,520.83,753.71,1973.21,883.72,1093.86,1
144,1156.6,0.408,17,11,0.407,0.184,3.78,173.65,1124.4,1616.38,378.5,1494.2,1168.29,1785.6,1
145,750.78,0.514,18,15,0.167,0.151,3.03,216.96,951.12,277.65,804.17,597.82,842.7,1372.39,0
146,2955.84,0.457,15,15,0.209,0.294,3.93,496.27,2717.28,3169.02,4077.53,1648.91,4164.66,1976.33,1
147,2557.11,0.334,22,30,0.487,0.16,3.51,351.97,3427.77,4103.99,2317.86,3040.54,574.59,2210.37,1
148,1455.72,0.077,27,28,0.794,0.139,4.31,392.93,1376.85,1579.68,1490.79,1407.77,1441.55,1778.95,0
149,830.98,0.157,21,27,0.804,0.064,3.67,122.65,610.81,897.62,1108.31,780.8,808.12,758.66,1
150,2118.42,0.169,23,38,0.825,0.0,3.81,283.11,2353.44,2208.04,2192.22,2037.98,2095.35,2360.77,1
151,807.47,0.459,15,12,0.283,0.331,3.49,72.53,429.7,760.15,1911.92,1134.0,819.42,640.15,1
152,913.89,0.356,15,25,0.416,0.173,3.82,104.54,550.16,620.97,1324.87,1500.94,644.12,1068.17,1
153,994.9,0.171,27,37,0.806,0.018,3.52,120.63,1209.73,951.79,1003.65,1169.3,732.16,847.76,1
154,990.05,0.111,22,31,0.982,0.082,4.56,227.4,1095.98,1053.07,1022.01,991.1,1013.85,898.2,1
155,1221.1,0.306,11,32,0.631,0.214,3.59,120.25,1093.08,1366.78,1101.7,884.99,849.45,1082.51,1
156,1139.4,0.493,24,14,0.344,0.174,3.86,35.75,0.0,1582.21,1279.52,1514.21,1365.51,833.31,0
157,5456.85,0.399,16,28,0.552,0.127,3.55,1114.61,6619.28,8115.65,6681.01,9087.41,3413.81,4793.89,1
158,1914.79,0.339,19,16,0.584,0.136,3.25,247.55,2344.45,1812.03,1652.69,2565.62,2364.05,2255.83,1
159,935.36,0.247,28,24,0.756,0.026,4.0,167.15,1054.9,979.74,616.17,983.41,922.76,1372.61,1
160,688.38,0.222,22,36,0.923,0.005,3.83,194.53,760.36,398.09,890.36,613.63,690.67,598.12,1
161,1712.45,0.334,19,19,0.383,0.263,4.22,318.04,1608.62,3003.85,2269.65,1910.02,1571.44,1146.67,1
162,1293.56,0.11,19,31,0.92,0.034,4.3,389.06,1235.36,1234.88,1092.64,1457.26,1235.9,1294.91,1
163,3367.21,0.118,17,23,0.922,0.0,4.18,587.74,2929.45,3625.11,3434.88,3459.14,3275.01,3030.29,1
164,2142.04,0.123,23,33,0.949,0.01,4.49,558.12,1958.23,2032.78,2412.74,2114.78,2453.48,1711.07,1
165,361.66,0.498,19,14,0.198,0.274,2.99,49.26,419.57,282.8,528.06,237.86,85.25,553.38,0
166,899.93,0.277,23,29,0.71,0.0,3.47,169.74,984.13,840.87,727.01,1545.13,738.43,919.98,1
167,660.02,0.547,15,11,0.177,0.239,3.42,69.54,945.13,210.57,1014.54,338.42,1041.45,724.45,0
168,1525.71,0.47,18,12,0.431,0.285,2.99,175.25,516.91,0.0,1536.54,820.37,2113.71,143.41,1
169,780.54,0.117,16,30,0.715,0.193,3.8,126.47,628.65,886.7,816.12,795.56,903.53,727.01,1
170,1349.99,0.465,20,15,0.21,0.246,3.74,99.52,1111.39,1692.89,772.2,1223.1,1312.76,460.29,1
171,508.19,0.464,18,14,0.087,0.314,3.56,97.95,267.45,292.02,0.0,749.72,197.03,503.36,1
172,2073.64,0.216,30,32,0.771,0.142,3.64,323.03,2157.01,2276.2,1725.22,2547.47,1577.07,2133.85,1
173,1645.42,0.414,19,23,0.615,0.11,3.4,327.05,753.43,2206.5,2010.82,818.52,1442.01,1736.4,1
174,2475.4,0.477,14,16,0.282,0.246,3.07,185.52,3869.63,1656.72,2232.72,1582.84,3374.02,1687.53,1
175,1413.08,0.452,18,16,0.36,0.27,4.24,333.68,887.66,1676.32,1828.65,853.56,1250.3,867.9,1
176,1060.02,0.197,22,24,0.843,0.0,4.56,334.76,1392.48,1270.18,1290.92,1223.78,990.78,1019.69,1
177,2587.67,0.577,18,9,0.117,0.27,3.02,773.51,3370.8,439.27,2093.99,3227.47,3180.56,3120.93,1
178,1668.37,0.186,24,41,0.873,0.07,4.5,554.42,1341.66,1833.52,1535.57,1553.35,1676.96,1489.04,1
179,2480.24,0.127,18,43,0.852,0.062,3.69,454.86,3138.4,2594.73,1793.15,2548.24,2341.82,2185.72,1
180,761.83,0.364,13,23,0.391,0.173,3.42,115.66,835.52,1283.86,332.18,449.17,483.8,513.45,0
181,1299.99,0.445,19,12,0.31,0.204,3.52,284.71,1396.19,1622.55,524.08,870.0,1848.34,918.72,1
182,800.44,0.537,23,10,0.279,0.216,3.51,128.83,772.39,623.68,1039.91,241.17,1251.22,605.71,1
183,2409.51,0.049,25,28,1.0,0.076,4.36,98.22,2464.37,2374.8,2371.83,2426.62,2285.15,2280.39,1
184,2042.27,0.535,21,7,0.367,0.202,3.49,501.47,2616.72,4254.45,1458.19,2197.19,1602.1,1555.19,1
185,900.83,0.546,21,17,0.229,0.204,3.33,145.26,475.62,726.39,581.92,416.93,1228.7,1508.49,1
186,1096.48,0.374,22,26,0.576,0.084,3.76,68.65,1008.86,1336.96,776.88,1269.29,629.72,975.65,1
187,2182.32,0.11,21,31,0.958,0.007,4.23,304.08,2210.1,2125.07,2404.08,2436.18,2270.01,1884.82,1
188,1129.59,0.134,24,18,0.786,0.087,4.08,184.2,1217.55,1292.81,1143.68,974.04,1080.31,788.68,1
189,518.69,0.516,22,11,0.205,0.183,3.48,93.85,679.27,821.45,784.14,431.31,192.87,1010.42,1
190,1713.84,0.427,21,27,0.413,0.214,3.8,311.76,1834.33,1697.24,107.66,2089.95,3015.36,2548.14,1
191,1011.86,0.56,19,10,0.012,0.288,3.25,292.96,699.98,781.34,1313.77,1008.25,818.36,1173.15,0
192,945.25,0.459,15,14,0.251,0.264,2.86,72.71,684.33,758.49,735.42,350.18,1172.65,1449.52,1
193,2005.69,0.248,20,38,0.662,0.073,3.47,336.61,1411.98,1145.01,1865.44,1786.05,1447.02,2268.59,0
194,2145.81,0.33,20,19,0.49,0.106,3.98,235.36,2564.92,2216.93,3102.57,1810.6,3243.67,2092.29,1
195,878.78,0.642,16,7,0.125,0.296,3.72,246.49,531.22,924.14,658.81,782.62,1977.55,179.02,1
196,840.38,0.284,25,17,0.495,0.153,3.88,113.52,794.66,645.78,957.67,809.9,482.2,1295.48,1
197,548.22,0.485,8,19,0.18,0.215,3.23,83.6,611.47,60.03,277.37,964.88,504.43,431.93,0
198,1562.92,0.499,17,15,0.399,0.205,3.44,412.57,1565.99,1723.78,1591.08,1400.34,2598.37,1264.75,1
199,1522.12,0.411,20,16,0.414,0.2,3.29,435.3,1518.61,1730.41,525.69,446.27,1228.79,1545.58,1
200,799.79,0.468,14,12,0.313,0.129,4.15,238.19,460.72,947.66,778.32,833.94,953.15,820.26,1
201,1286.56,0.121,27,38,0.92,0.109,4.43,62.46,1328.45,1132.33,1346.61,1558.86,1024.76,1376.1,1
202,1859.41,0.38,17,19,0.517,0.12,3.48,406.53,1638.54,2139.55,2640.57,1741.42,1302.83,2183.9,1
203,954.43,0.514,16,10,0.323,0.274,3.34,192.42,912.04,866.81,553.15,739.5,1104.09,671.41,0
204,3189.92,0.177,30,25,0.884,0.0,3.88,561.11,3844.11,3678.31,2891.09,3017.55,2856.91,3204.55,1
205,2622.66,0.386,24,23,0.414,0.182,4.24,486.05,3133.58,1637.02,1971.39,3213.29,2258.12,3171.76,1
206,1422.27,0.216,24,32,0.626,0.104,3.93,402.31,1247.1,1775.25,1344.32,1327.33,957.16,1219.11,1
207,2311.29,0.423,20,14,0.498,0.047,3.62,608.07,2165.7,3787.55,1368.9,829.52,2950.75,3725.64,1
208,1711.88,0.287,21,25,0.737,0.119,4.22,430.97,2497.69,1768.91,652.03,1381.84,1053.74,1701.93,1
209,1460.07,0.58,24,11,0.184,0.128,2.88,286.98,1199.65,1802.08,576.66,1405.27,2765.39,2814.35,1
210,451.33,0.306,24,36,0.581,0.11,4.02,163.22,456.84,559.57,444.57,525.29,357.07,259.11,1
211,660.12,0.446,16,24,0.495,0.201,3.72,97.67,855.61,358.22,616.53,488.62,895.8,852.81,1
212,502.26,0.481,11,14,0.258,0.179,2.67,25.48,554.28,384.71,635.73,430.65,672.01,287.01,1
213,1242.19,0.273,22,18,0.535,0.091,3.88,197.24,1115.89,1304.61,1527.51,1257.41,908.47,1027.25,1
214,1083.61,0.592,16,16,0.108,0.283,3.21,200.05,606.69,2383.91,795.21,584.88,714.25,1664.09,0
215,1226.13,0.432,14,27,0.431,0.15,3.69,348.53,1220.78,592.12,385.59,1177.5,983.66,1105.03,0
216,1917.03,0.295,23,30,0.736,0.066,3.92,266.7,2289.23,2843.37,2145.11,2181.3,1696.63,3386.2,1
217,1093.41,0.209,21,31,0.668,0.167,4.24,239.78,1394.64,1049.35,1091.18,822.84,797.49,1211.55,1
218,2481.69,0.297,23,34,0.569,0.069,4.48,153.42,1402.29,2456.33,2291.32,2707.43,2874.95,1969.17,1
219,3742.67,0.488,20,12,0.263,0.181,3.0,997.47,6964.42,5968.83,5973.18,1749.97,2483.88,4692.68,1
220,997.85,0.386,17,12,0.391,0.215,3.5,185.07,886.66,1777.22,1171.56,585.2,953.83,906.4,1
221,727.29,0.607,19,9,0.118,0.179,3.45,114.59,1135.75,914.04,781.57,434.57,1171.75,1094.77,0
222,823.86,0.377,17,17,0.514,0.23,3.85,288.79,594.75,1185.69,874.77,1248.03,1001.49,731.85,0
223,1393.08,0.36,18,19,0.532,0.126,3.93,369.99,584.79,931.29,1819.45,532.44,1081.32,1597.14,1
224,1244.12,0.16,21,30,0.832,0.106,5.0,120.45,982.84,1138.75,1106.9,1151.79,1451.27,1283.61,1
225,549.04,0.337,24,25,0.502,0.188,3.96,94.02,487.88,299.1,386.37,544.15,672.03,563.53,1
226,473.61,0.457,17,14,0.334,0.179,3.88,188.92,587.13,361.92,422.89,726.43,320.71,699.28,1
227,3205.85,0.357,26,24,0.465,0.13,3.78,1084.56,3241.58,3853.17,1856.86,5436.67,2617.16,1140.74,1
228,3391.37,0.375,26,23,0.5,0.143,3.22,860.86,3073.51,3660.85,3333.68,2855.29,4662.27,3515.23,0
229,3898.31,0.26,19,19,0.602,0.155,3.88,125.67,5031.68,5649.12,3996.59,4445.07,4687.67,3187.51,1
230,1019.27,0.409,8,19,0.395,0.122,3.93,292.09,1020.09,1875.82,990.58,979.85,392.89,457.05,1
231,870.24,0.342,24,18,0.538,0.075,3.93,112.42,953.55,829.59,762.62,840.17,570.82,620.78,1
232,972.34,0.422,18,23,0.408,0.242,3.78,277.97,2248.3,693.57,1650.31,1084.42,1257.54,718.15,1
233,526.06,0.359,17,23,0.54,0.098,3.67,64.28,524.54,745.4,703.92,226.27,304.0,481.56,0
234,500.55,0.352,17,23,0.464,0.172,3.53,109.67,377.83,723.52,483.42,492.11,642.52,560.05,1
235,1762.03,0.284,20,29,0.613,0.107,3.88,226.91,2003.09,1983.19,1808.65,1987.95,2732.28,2033.83,0
236,1666.92,0.542,22,7,0.275,0.193,3.52,251.6,2329.85,2304.08,2909.84,890.5,2004.02,1297.51,1
237,4434.45,0.432,20,18,0.507,0.215,4.01,1018.93,5010.87,5486.14,3314.96,5310.44,2666.82,7469.18,1
238,1523.22,0.368,25,19,0.516,0.137,3.34,113.46,1611.15,969.17,982.15,554.68,1622.13,1315.15,1
239,883.59,0.097,26,39,0.941,0.017,4.63,326.75,1011.26,778.63,903.13,891.65,972.7,715.94,1
240,1508.94,0.227,21,18,0.666,0.09,3.82,147.61,1973.01,1491.54,1650.47,1967.86,1542.76,1391.12,1
241,1027.8,0.381,17,18,0.576,0.101,3.79,95.94,981.9,949.06,1219.26,942.13,1217.43,1046.28,0
242,1478.83,0.133,26,38,0.788,0.04,4.24,340.15,1352.47,1533.22,1641.38,1286.75,1321.85,836.12,1
243,1973.87,0.317,24,14,0.553,0.107,4.44,559.31,2242.18,1891.84,1515.92,1082.97,1521.48,2728.62,1
244,884.33,0.202,26,29,0.682,0.183,3.89,136.28,768.12,579.47,632.23,954.23,1046.5,866.6,1
245,1773.53,0.179,21,23,0.717,0.126,4.19,167.21,2054.18,1103.84,1588.19,2067.77,1547.77,1408.16,1
246,2887.18,0.187,25,31,0.856,0.039,4.58,306.65,3116.62,3286.18,3201.99,2856.83,1487.9,2367.7,1
247,3662.57,0.328,23,20,0.48,0.199,3.46,357.46,6868.65,2866.71,2555.58,3105.78,3294.73,4577.22,1
248,2120.65,0.136,22,29,0.931,0.0,4.22,434.0,2544.09,2053.94,1564.86,1565.7,2210.96,2374.7,1
249,1874.37,0.452,13,15,0.203,0.288,3.34,326.89,959.46,1401.13,1996.73,1979.56,2772.12,1324.13,1
250,1239.15,0.2,20,33,0.852,0.122,3.95,265.26,1110.57,1012.85,1098.6,1068.32,1647.07,903.24,0
251,1242.08,0.266,20,24,0.661,0.217,3.74,259.83,610.78,932.08,672.41,1033.7,1270.02,1285.25,0
252,3566.53,0.273,23,24,0.542,0.185,4.3,877.17,1481.42,4561.26,3639.15,5143.15,4208.93,3873.2,1
253,644.73,0.419,24,16,0.426,0.185,3.34,94.91,675.49,580.1,540.34,157.85,677.33,797.5,1
254,1237.21,0.143,18,30,0.831,0.127,4.49,149.63,1026.98,1349.13,1532.72,943.16,1299.64,1137.93,1
255,2880.04,0.26,19,21,0.541,0.103,4.07,554.42,4109.29,3456.08,2946.58,3053.3,2740.08,2788.58,1
256,1255.49,0.277,19,18,0.49,0.128,3.31,220.47,1657.71,1365.46,1459.08,1121.65,1389.73,1262.49,1
257,1278.67,0.346,23,20,0.54,0.132,3.94,256.04,1158.67,1633.19,1271.06,1049.36,956.04,1706.02,1
258,765.19,0.59,14,6,0.126,0.307,2.55,94.17,617.09,771.64,495.65,888.18,1658.4,1364.83,1
259,1783.04,0.169,21,27,0.791,0.029,4.41,412.55,2230.06,2193.48,1636.29,1860.05,1063.39,2264.77,1
260,1794.46,0.511,12,10,0.215,0.168,3.17,153.84,3365.79,2549.07,2785.09,902.19,2317.64,2988.1,1
261,3265.92,0.234,25,22,0.789,0.084,4.21,472.8,2553.37,3996.69,3837.27,2813.83,3510.07,4651.5,1
262,1710.83,0.234,22,39,0.734,0.122,3.62,462.48,1286.56,1335.6,1115.66,1730.64,1859.27,2115.9,1
263,2693.76,0.349,18,17,0.459,0.12,3.95,241.08,2410.85,2941.1,1520.57,2850.74,1582.39,2140.0,1
264,1299.72,0.499,16,14,0.229,0.246,3.71,343.15,1579.19,110.38,526.45,1612.94,212.06,2293.64,1
265,2017.61,0.585,21,24,0.235,0.28,2.97,135.73,1411.74,3670.09,3267.98,1329.78,2732.11,394.14,1
266,714.22,0.325,17,17,0.558,0.19,3.59,37.98,819.24,569.46,312.12,794.82,1025.66,1263.35,1
267,3736.12,0.354,17,16,0.684,0.117,4.0,226.0,6317.0,3094.7,4776.9,4993.74,4027.56,2445.57,1
268,1316.35,0.587,21,8,0.047,0.254,3.38,249.24,229.47,259.36,1624.29,1352.57,1938.84,2002.52,0
269,271.53,0.336,20,33,0.454,0.243,2.79,64.73,230.91,268.23,284.92,262.16,229.77,403.19,1
270,3006.75,0.578,19,14,0.167,0.229,4.04,852.13,597.22,2540.73,2185.05,2597.55,3582.77,3804.64,1
271,1286.27,0.462,20,18,0.357,0.228,3.72,356.33,788.88,2369.95,1992.96,919.2,2014.98,67.23,1
272,1145.22,0.262,20,17,0.406,0.266,4.12,285.18,1056.76,1403.14,1179.28,863.66,1051.1,860.67,1
273,674.27,0.562,15,7,0.189,0.265,3.15,76.5,398.72,479.26,127.03,561.3,1123.57,809.48,1
274,1634.61,0.522,21,19,0.277,0.151,2.64,184.32,2078.25,213.0,601.12,2019.23,240.01,2176.92,1
275,869.15,0.419,24,17,0.229,0.151,3.87,211.22,924.18,36.71,269.6,545.04,645.7,803.98,1
276,1197.98,0.306,25,26,0.588,0.108,3.67,351.85,1307.56,821.9,1637.86,1170.35,1398.04,1225.22,1
277,851.45,0.346,15,23,0.405,0.204,3.92,83.02,761.2,459.71,1270.57,795.12,1411.39,419.19,1
278,1056.38,0.527,22,8,0.182,0.247,3.24,299.5,936.92,1250.44,1661.06,2045.99,1064.33,2044.07,1
279,1000.05,0.351,19,26,0.386,0.284,3.84,26.37,876.96,949.18,949.81,1253.76,637.13,867.39,1
280,2319.3,0.291,18,26,0.621,0.137,3.57,489.82,2151.3,2331.0,1355.63,2796.65,3589.48,2852.18,1
281,1342.05,0.455,17,18,0.433,0.145,3.78,230.42,1597.64,763.2,699.1,1903.28,1265.1,2198.22,1
282,1941.84,0.373,23,22,0.528,0.081,3.29,317.81,547.98,2052.01,1225.25,1546.4,2423.58,1104.83,1
283,2904.35,0.117,26,27,0.733,0.146,5.0,530.05,3002.14,2421.98,2888.84,3371.9,2790.78,2947.83,1
284,1014.73,0.51,16,12,0.268,0.203,4.26,113.35,564.77,968.99,1733.35,1097.17,1088.42,1158.71,1
285,965.7,0.293,25,21,0.681,0.024,4.7,208.29,869.7,1200.89,1357.63,953.05,806.46,892.6,1
286,5890.01,0.1,25,38,0.851,0.058,4.92,1088.79,4965.86,5673.74,5601.0,5171.1,7226.13,6438.84,1
287,1913.5,0.518,16,12,0.308,0.143,3.39,487.61,1557.91,2353.33,0.0,1515.34,3094.49,1251.99,1
288,2767.57,0.499,15,9,0.335,0.165,3.86,850.28,3151.55,35.89,1154.99,327.35,5210.8,2843.54,1
289,3326.06,0.185,24,20,0.703,0.094,4.1,632.46,3607.71,2058.54,4058.45,3173.14,2840.23,3097.53,1
290,892.82,0.443,18,7,0.161,0.184,2.82,102.23,424.0,1022.15,984.36,665.08,171.6,1811.84,0
291,229.92,0.504,12,18,0.094,0.222,3.98,20.46,277.32,351.3,188.69,183.74,195.96,153.08,1
292,644.23,0.374,22,24,0.273,0.165,3.94,203.49,919.07,586.79,541.66,310.04,1251.03,823.86,1
293,2477.92,0.173,21,32,0.796,0.035,4.2,757.33,2266.36,3397.21,2156.16,2779.44,2339.99,3247.84,1
294,1267.65,0.514,24,14,0.201,0.169,2.87,318.17,1268.25,326.63,482.86,1653.95,1953.36,668.93,1
295,658.79,0.552,11,7,0.098,0.221,2.99,121.74,0.0,411.63,1411.94,1272.99,286.28,693.44,0
296,293.81,0.391,19,21,0.473,0.107,2.91,72.05,190.86,309.88,491.02,484.47,198.67,180.61,0
297,1714.01,0.1,21,24,0.892,0.076,4.66,487.39,1760.23,1793.35,1573.57,1740.7,1700.37,1370.06,1
298,706.93,0.335,17,29,0.61,0.127,3.25,92.3,933.2,568.65,291.58,949.29,1206.55,521.02,1
299,878.19,0.316,18,22,0.606,0.178,3.93,160.17,712.12,584.65,925.03,950.6,1183.09,720.13,1
300,3647.66,0.089,30,43,0.833,0.156,3.99,333.77,4517.44,3849.76,3599.61,3508.41,2978.66,3481.18,1
301,682.88,0.448,19,13,0.277,0.235,2.98,115.87,778.8,723.6,874.84,597.88,886.63,591.3,1
302,807.77,0.281,18,30,0.579,0.148,4.03,245.19,518.96,729.6,1001.59,952.68,547.23,809.16,1
303,982.66,0.477,10,17,0.223,0.251,3.27,261.67,1586.34,1216.6,433.92,2899.88,663.01,421.37,1
304,2023.17,0.305,14,17,0.387,0.197,4.16,386.02,1249.26,1938.95,2813.93,2743.92,2338.43,2240.36,1
305,1313.0,0.179,21,25,0.74,0.087,3.67,0.0,1390.35,1280.09,1229.82,1371.04,1642.37,1598.77,1
306,3208.83,0.387,18,25,0.593,0.12,3.45,409.24,2053.73,2989.33,3964.5,3810.21,4886.05,4862.9,1
307,668.69,0.338,20,24,0.607,0.067,2.86,125.84,361.49,482.88,609.52,776.15,743.72,609.81,1
308,357.23,0.475,9,19,0.333,0.229,2.56,58.13,520.38,200.77,513.66,341.92,415.84,508.81,0
309,441.55,0.525,17,13,0.262,0.203,4.1,80.64,381.34,319.69,0.0,616.91,753.61,283.7,1
310,476.78,0.501,22,3,0.366,0.251,4.21,95.07,888.89,484.44,653.1,439.66,100.52,394.78,1
311,2662.22,0.14,30,27,0.786,0.119,4.34,365.54,2284.04,1967.01,2353.15,2286.42,3341.11,2810.28,1
312,543.02,0.427,11,12,0.302,0.163,3.24,97.42,181.18,762.21,560.07,654.77,372.27,465.37,0
313,510.24,0.418,16,20,0.506,0.206,3.5,85.74,407.87,514.18,775.91,641.58,565.87,240.48,1
314,1832.61,0.227,18,23,0.685,0.0,4.37,226.77,3035.36,1389.42,1498.41,1771.93,1626.11,2179.33,1
315,2091.31,0.389,19,17,0.324,0.286,3.36,685.34,2770.53,3408.01,1309.39,2343.69,1149.76,1416.42,0
316,2051.74,0.447,14,12,0.428,0.096,3.67,291.11,2559.65,2090.07,1710.65,2932.85,2475.01,1574.94,1
317,2682.67,0.436,26,17,0.396,0.196,3.64,0.0,3369.92,1119.35,2173.25,2622.01,2959.63,3921.74,1
318,816.32,0.31,20,33,0.444,0.18,3.54,263.4,693.47,1214.56,550.23,703.06,789.62,952.42,1
319,1860.47,0.257,21,35,0.594,0.178,3.78,208.93,3167.68,2509.38,1911.37,1520.74,1787.35,1944.82,1
320,1839.74,0.479,24,10,0.289,0.181,3.51,463.6,2243.19,1039.36,1979.05,1616.23,3183.69,545.68,1
321,1441.99,0.132,24,29,0.925,0.0,3.97,181.01,1511.11,1380.72,1529.83,1733.18,1858.0,1221.3,1
322,1771.47,0.302,23,16,0.713,0.075,4.07,399.54,2298.6,1526.56,1332.82,1665.31,2442.06,1984.13,1
323,541.73,0.537,16,20,0.332,0.176,3.34,95.43,171.48,0.0,267.22,646.26,622.4,724.94,0
324,1101.39,0.11,18,30,0.86,0.0,4.38,286.39,994.44,1140.88,1086.96,1061.92,902.25,1132.16,1
325,2008.79,0.24,20,29,0.875,0.053,4.69,327.24,1890.44,2416.16,1890.67,1811.05,2311.09,1780.43,1
326,5229.56,0.212,30,36,0.89,0.0,4.15,667.16,6330.3,5958.95,4978.79,4253.2,5975.05,4667.04,1
327,4240.24,0.082,27,34,0.985,0.056,4.83,850.43,3789.33,4251.62,3994.57,4275.07,4508.18,4315.22,1
328,2652.21,0.2,24,24,0.627,0.101,3.41,396.24,2616.53,3151.23,2827.02,2378.32,2047.87,1989.19,1
329,1398.89,0.313,17,22,0.502,0.243,3.66,35.9,1307.5,902.1,986.49,1956.19,1770.84,1439.01,0
330,1754.72,0.225,26,35,0.624,0.101,4.07,231.41,1131.9,2474.02,1706.38,1712.19,2372.47,1205.33,1
331,622.68,0.215,17,38,0.784,0.095,4.94,254.99,554.48,519.21,581.62,616.71,491.0,481.61,1
332,475.41,0.565,10,12,0.057,0.245,2.36,16.3,621.07,297.86,466.43,427.02,659.32,523.28,1
333,566.35,0.58,14,12,0.236,0.13,3.12,112.86,78.87,377.31,955.89,688.3,299.56,758.03,1
334,1943.14,0.5,25,15,0.11,0.232,3.94,312.01,3314.95,1313.14,665.45,3392.3,1841.79,2275.37,1
335,3407.29,0.197,29,19,0.577,0.164,3.69,1113.89,3720.73,3278.23,1805.86,2710.97,2771.97,2660.91,1
336,1872.01,0.447,17,12,0.401,0.2,3.49,170.57,2161.6,1678.31,1374.71,2104.52,1578.49,306.09,1
337,1901.22,0.6,14,6,0.179,0.211,3.34,357.63,1910.56,2049.05,588.36,112.31,1510.14,1891.74,0
338,1051.83,0.41,12,14,0.161,0.157,3.63,247.07,580.22,698.35,0.0,1579.95,1229.83,231.77,0
339,818.48,0.359,21,25,0.397,0.203,4.43,135.59,627.5,867.46,1331.84,786.7,1080.22,1096.11,1
340,1587.02,0.193,22,34,0.661,0.126,4.2,188.21,1698.09,1252.3,1758.83,1128.14,1960.34,1255.09,1
341,835.55,0.47,21,11,0.41,0.21,3.98,148.91,579.71,1123.11,1097.47,334.68,579.59,1712.68,1
342,2429.13,0.298,24,21,0.731,0.073,3.73,377.1,2565.76,2950.37,2222.48,3018.28,2689.63,1732.76,1
343,1168.59,0.32,20,23,0.522,0.055,3.54,181.15,832.82,1166.43,1325.78,546.78,758.38,1341.52,1
344,1892.29,0.113,26,32,0.885,0.075,4.26,481.51,1988.81,1753.37,1801.92,1951.79,1868.62,1734.79,1
345,2048.96,0.327,18,26,0.467,0.153,3.34,434.86,2401.85,2257.67,2595.2,1761.5,2077.63,1936.15,1
346,1171.55,0.188,25,30,0.8,0.139,4.32,262.59,812.14,975.55,1213.3,1128.54,967.84,1212.17,1
347,2841.69,0.201,20,23,0.865,0.055,3.96,586.59,2880.16,2861.43,2820.82,2456.54,3161.26,3333.41,1
348,476.5,0.604,18,17,0.245,0.206,2.95,122.36,38.39,432.79,487.71,202.16,431.66,770.03,1
349,1508.49,0.452,20,16,0.299,0.216,3.65,428.93,240.49,3300.36,2506.96,1176.38,1613.67,2004.05,0
350,1660.6,0.255,23,29,0.704,0.064,3.7,260.82,1408.95,1140.66,1731.51,1902.97,2179.47,2100.28,1
351,2627.14,0.309,24,17,0.537,0.104,4.11,645.11,4899.14,460.42,1790.76,2389.47,2279.73,2126.66,1
352,513.19,0.353,14,18,0.618,0.111,3.57,39.16,653.63,397.7,574.08,589.48,667.18,630.7,1
353,393.18,0.505,13,11,0.239,0.164,3.87,0.0,669.41,52.76,490.22,345.11,679.49,325.53,1
354,2754.31,0.143,22,34,0.686,0.087,4.09,898.22,2993.6,2468.51,2697.4,2994.71,3297.69,3142.19,1
355,1072.1,0.295,16,33,0.632,0.209,4.24,164.39,1137.13,661.3,1055.6,1203.46,1012.54,1108.68,0
356,1020.11,0.516,16,9,0.229,0.265,3.45,204.22,1491.18,544.24,459.16,735.63,508.38,1346.43,1
357,675.01,0.529,15,10,0.045,0.274,3.58,55.34,446.46,294.47,709.7,334.22,421.32,779.17,1
358,3469.84,0.215,28,33,0.813,0.144,4.24,271.66,3820.15,4186.78,2565.62,4181.35,2288.5,4035.96,1
359,1263.19,0.517,17,14,0.211,0.176,2.59,155.33,2032.09,1231.49,1099.38,731.88,1711.31,735.63,1
360,1981.29,0.26,25,21,0.77,0.202,4.34,458.53,2341.87,2535.72,1636.24,2239.46,2366.96,1170.92,1
361,829.74,0.262,23,24,0.568,0.105,3.98,115.07,1099.76,838.53,1043.3,836.49,855.25,1044.62,1
362,2292.95,0.184,21,17,0.875,0.152,4.54,351.13,2370.15,2685.57,2948.28,2097.16,1711.1,2861.63,1
363,894.98,0.26,22,27,0.744,0.184,4.28,107.79,1288.07,824.79,629.15,994.75,810.12,868.06,1
364,1006.92,0.37,23,16,0.502,0.057,3.38,275.16,929.34,1601.03,1005.2,1516.58,1521.19,1309.13,1
365,828.89,0.218,27,27,0.628,0.186,3.7,206.79,1210.85,913.84,772.91,941.71,938.85,535.02,1
366,1334.14,0.338,20,23,0.491,0.133,4.13,188.47,1593.16,981.99,1543.86,1392.52,1687.74,1053.47,1
367,2446.26,0.279,15,22,0.637,0.082,3.82,574.21,2183.81,2869.49,2512.05,3554.64,4707.53,2502.28,1
368,1540.13,0.198,15,25,0.717,0.117,4.44,247.01,1180.53,1548.4,1421.99,1029.52,1640.19,1010.92,1
369,687.23,0.577,14,5,0.03,0.212,3.04,105.14,366.81,606.92,724.4,246.17,0.0,80.7,0
370,1140.84,0.371,11,13,0.644,0.134,4.22,200.81,734.63,1181.49,1049.95,944.18,674.62,1207.71,1
371,2034.6,0.24,29,31,0.616,0.069,4.14,470.93,1991.33,2400.98,2809.6,2726.79,2183.62,1739.22,1
372,1622.86,0.335,23,26,0.387,0.182,3.92,176.28,929.68,470.69,1191.03,2135.87,1633.06,1434.23,1
373,1482.9,0.385,18,24,0.491,0.214,3.61,326.52,2221.55,1282.38,1630.02,502.25,1384.63,1250.74,1
374,671.04,0.361,16,28,0.547,0.153,3.86,254.88,697.87,836.44,794.52,565.32,633.63,360.06,1
375,1426.63,0.438,22,18,0.343,0.166,3.95,277.69,1470.44,1581.66,1700.49,599.82,936.7,1290.77,1
376,472.84,0.261,17,25,0.625,0.141,3.88,86.46,329.15,333.96,436.11,467.85,518.93,471.15,1
377,1635.57,0.45,15,11,0.546,0.063,3.85,283.39,1069.28,0.0,2643.12,2299.65,2662.33,1206.48,1
378,450.5,0.566,13,3,0.0,0.228,3.15,98.33,0.0,884.03,0.0,699.18,892.04,322.69,0
379,3495.76,0.192,23,24,0.702,0.073,4.15,178.87,4580.78,3370.29,2762.08,3675.51,4638.58,3358.96,1
380,412.38,0.238,25,24,0.829,0.102,4.75,130.35,273.2,561.01,477.52,370.66,318.53,492.86,1
381,4519.63,0.312,25,24,0.396,0.191,4.31,1168.3,2629.87,5639.15,3280.2,4385.28,4491.22,4386.6,1
382,569.01,0.4,24,19,0.441,0.186,3.7,73.08,890.64,388.39,355.41,724.52,497.58,130.59,1
383,742.78,0.246,21,32,0.698,0.094,3.98,135.57,813.71,284.94,657.27,1172.4,851.13,524.26,1
384,1903.68,0.328,24,25,0.624,0.075,3.51,257.78,1979.0,1615.38,1413.58,1164.39,1852.09,2484.97,1
385,1530.24,0.508,15,19,0.324,0.263,3.34,312.08,1794.58,1501.31,2025.16,2764.54,1354.96,997.63,1
386,875.82,0.419,12,18,0.475,0.116,3.75,161.95,1225.52,1041.03,1207.37,965.29,1409.07,843.38,1
387,1784.6,0.48,15,13,0.171,0.248,3.72,353.87,1870.21,832.47,1860.3,2487.64,1868.92,3434.43,1
388,749.65,0.352,16,25,0.555,0.126,3.97,73.27,341.82,796.69,1028.3,798.58,782.46,916.59,1
389,913.16,0.432,16,11,0.278,0.229,3.12,129.19,1202.52,983.27,365.99,1467.33,1076.25,65.31,0
390,1395.73,0.103,20,41,0.755,0.051,4.66,379.2,1456.4,1537.37,1406.63,1443.09,1492.87,1603.31,1
391,939.01,0.413,18,18,0.49,0.2,3.65,128.92,1393.66,819.95,1462.11,687.25,1203.66,997.09,0
392,342.2,0.576,19,7,0.092,0.316,2.8,0.0,96.0,429.47,534.74,430.92,648.13,414.99,0
393,1790.28,0.273,28,25,0.61,0.167,4.42,300.68,1433.64,1931.33,2492.63,2341.28,1161.62,1939.02,1
394,1270.83,0.177,15,23,0.771,0.085,4.69,473.92,1358.89,1467.48,1138.31,1270.88,1343.7,1475.96,1
395,2774.42,0.189,17,24,0.879,0.029,4.21,687.81,2279.21,2344.54,3255.3,1686.98,2720.74,2732.61,1
396,504.37,0.408,15,13,0.36,0.321,3.77,67.22,19.89,0.0,416.49,480.7,442.41,199.3,0
397,1062.68,0.342,23,19,0.488,0.098,4.11,186.98,1134.42,976.58,1279.03,1098.33,1338.14,1180.29,1
398,2075.87,0.536,16,9,0.204,0.263,3.78,486.56,3071.91,1818.83,3534.73,2025.87,3518.78,538.07,0
399,1044.68,0.606,13,14,0.027,0.28,3.43,41.26,963.05,311.86,541.96,731.0,670.04,2194.75,1
400,2315.08,0.298,24,30,0.686,0.095,3.39,258.17,2693.52,1273.88,1033.82,3228.51,3479.77,2065.05,1
401,1934.36,0.418,23,17,0.44,0.169,4.46,409.83,2260.6,1469.54,3428.65,15.12,776.45,1892.51,1
402,2517.42,0.116,24,30,0.935,0.011,4.78,774.25,2520.48,2483.9,2659.84,2544.84,2689.64,2320.17,1
403,3271.06,0.484,15,20,0.191,0.244,3.3,473.83,3486.1,3421.99,3101.7,3441.84,1862.33,3807.49,1
404,1534.69,0.388,21,20,0.326,0.204,3.35,468.64,2337.42,174.96,1438.3,2781.11,1152.85,1805.04,1
405,797.82,0.314,20,22,0.453,0.291,4.06,95.46,556.47,358.91,273.14,794.21,812.86,627.94,1
406,1712.02,0.462,17,24,0.469,0.206,3.38,0.0,2323.38,2605.33,1877.09,2064.45,1396.61,2070.33,1
407,953.25,0.323,18,28,0.425,0.19,3.91,228.31,589.53,894.85,789.83,991.76,71.33,974.11,1
408,1294.69,0.398,22,16,0.429,0.191,3.85,289.02,885.3,1293.44,1321.72,1343.33,1609.66,1245.31,1
409,2164.45,0.241,23,26,0.695,0.188,3.89,517.07,2787.27,1470.1,2180.22,3082.58,2570.54,1773.05,1
410,964.27,0.361,24,17,0.493,0.098,3.32,227.35,543.14,962.74,0.0,577.32,908.21,1769.88,1
411,1007.15,0.486,23,16,0.304,0.185,3.62,196.74,888.94,823.33,1246.89,680.69,889.89,1585.88,1
412,1803.25,0.402,21,9,0.515,0.046,3.36,287.25,3516.38,1354.51,1940.35,2350.39,1532.72,2331.67,1
413,792.85,0.526,16,15,0.334,0.214,3.49,128.72,1220.79,182.86,927.74,900.02,78.7,1262.9,1
414,2365.39,0.468,22,17,0.323,0.232,2.9,338.65,1549.55,1404.22,2162.4,2051.94,354.16,2697.31,0
415,818.58,0.332,22,16,0.593,0.072,3.63,121.12,664.68,1354.95,831.89,799.39,1037.16,723.57,1
416,975.81,0.359,30,14,0.406,0.24,3.97,34.27,916.27,853.5,1036.29,1295.66,1348.43,50.79,1
417,3814.3,0.519,19,17,0.382,0.139,3.69,316.04,6412.32,5377.97,4357.42,4774.92,4996.19,1400.37,1
418,712.26,0.197,25,16,0.772,0.06,3.73,118.89,571.99,684.75,778.86,612.41,765.37,1015.45,1
419,1442.57,0.314,21,21,0.594,0.127,3.32,1.05,962.14,1301.4,1570.46,1550.12,1796.6,1967.33,1
420,3962.84,0.487,19,18,0.404,0.249,3.63,76.77,5339.8,2735.2,7533.29,3866.71,5345.12,4353.37,1
421,1247.39,0.426,18,17,0.385,0.131,3.85,191.17,353.48,1962.9,861.34,1497.53,829.9,408.56,1
422,2769.23,0.435,19,13,0.252,0.221,3.64,470.03,1672.02,3218.52,2317.67,2382.55,3037.14,3533.69,0
423,2745.8,0.148,25,28,0.718,0.129,3.97,425.41,2711.22,2424.91,3433.82,2254.75,2625.48,2632.81,1
424,2157.86,0.052,29,31,0.839,0.089,4.49,0.0,2154.03,2113.31,2140.38,2233.87,2125.88,2236.76,1
425,1633.35,0.214,24,22,0.761,0.11,4.7,496.85,1156.85,2009.03,1958.66,1824.92,2031.49,1245.09,1
426,514.09,0.116,22,40,0.908,0.081,4.47,33.47,535.22,344.5,522.18,598.64,608.16,484.82,1
427,1068.07,0.423,18,21,0.488,0.12,3.03,122.34,1318.44,1208.46,965.08,472.98,7.25,1468.25,1
428,1637.82,0.175,17,23,0.736,0.17,4.13,129.48,1447.8,1792.02,1920.71,1617.64,1564.66,2190.77,1
429,1310.75,0.567,22,7,0.0,0.264,3.93,372.15,2544.76,753.66,1695.96,1139.56,1082.32,821.51,0
430,6415.71,0.271,19,18,0.539,0.123,3.42,1371.13,7005.64,6684.26,3750.99,5727.45,8433.3,4679.29,1
431,1869.52,0.426,24,18,0.495,0.214,3.78,265.73,1069.8,2269.28,2007.59,643.1,715.24,2683.58,1
432,1484.36,0.607,17,9,0.054,0.225,3.08,202.63,2944.98,374.87,587.63,523.44,0.0,348.94,1
433,2818.92,0.396,21,21,0.371,0.193,3.7,547.91,2234.21,3759.62,4239.19,3121.18,3736.16,1491.54,1
434,2643.48,0.073,24,34,1.0,0.0,4.43,212.21,2677.79,2700.51,2979.84,2547.62,2828.18,2694.49,1
435,1013.37,0.413,15,12,0.166,0.355,3.89,213.27,809.46,949.29,1798.36,667.19,266.06,1887.04,1
436,1485.77,0.196,19,33,0.92,0.155,4.17,202.23,1667.56,1516.33,1589.9,1902.4,1449.54,1238.55,1
437,1149.64,0.477,25,16,0.307,0.188,3.94,254.73,885.78,1537.17,896.71,2450.4,1988.15,947.03,1
438,2310.84,0.168,23,35,0.87,0.079,4.14,505.75,2147.85,3207.84,2435.46,2288.99,1893.33,2353.95,1
439,1508.0,0.296,25,24,0.64,0.11,3.72,199.83,1436.53,1780.52,1088.15,836.85,1553.15,1296.8,1
440,2071.16,0.429,24,13,0.38,0.158,3.23,32.69,1625.15,2791.4,4155.25,2423.38,2522.51,501.23,1
441,975.28,0.1,22,26,1.0,0.026,3.58,156.29,1079.38,994.07,1091.28,772.74,836.62,1053.17,1
442,1298.58,0.535,19,12,0.175,0.224,3.5,83.16,424.8,2619.65,1510.14,360.63,906.89,1428.02,1
443,3601.88,0.314,20,16,0.503,0.068,4.6,671.0,3559.87,1943.85,4729.55,4069.72,1689.55,4016.81,1
444,1252.34,0.217,17,37,0.64,0.123,4.25,199.72,1276.61,780.98,1118.94,876.93,1207.7,1213.9,1
445,3057.67,0.556,16,14,0.019,0.263,3.51,406.55,2845.84,3317.76,1174.61,2554.54,1713.31,5629.42,1
446,1138.25,0.616,18,9,0.039,0.276,2.97,86.91,1817.02,1601.01,0.0,98.23,1283.84,784.57,1
447,1363.96,0.289,19,23,0.709,0.089,3.74,375.01,770.82,348.56,1396.72,1386.15,1614.33,939.18,1
448,1394.7,0.401,18,25,0.45,0.14,4.09,200.43,1712.56,1392.78,1278.2,2023.36,2171.89,2325.85,0
449,1001.26,0.432,18,14,0.493,0.191,4.3,368.73,462.7,923.18,1225.9,736.15,2010.19,50.15,0
450,503.04,0.395,28,21,0.584,0.151,4.22,91.95,401.97,650.88,505.64,499.18,544.3,472.49,1
451,1284.74,0.636,9,11,0.346,0.253,3.48,267.39,184.07,1634.89,1671.76,618.43,1026.19,1223.07,1
452,4568.32,0.463,20,12,0.416,0.191,3.41,836.63,3866.06,744.56,6283.48,2991.24,3776.03,4326.08,1
453,1548.3,0.479,17,14,0.509,0.133,3.56,321.0,1119.04,746.48,464.29,931.1,832.0,396.71,1
454,1775.79,0.383,17,22,0.521,0.171,3.44,474.87,2890.14,1227.01,2366.81,2310.38,2080.62,969.72,1
455,1152.92,0.393,18,18,0.462,0.055,3.09,309.37,1262.25,1487.64,968.75,512.64,928.75,1586.86,0
456,3159.37,0.311,23,18,0.583,0.229,3.39,122.18,3591.47,3527.47,3667.9,2833.32,3668.36,4520.48,1
457,1650.8,0.328,24,24,0.643,0.123,3.98,410.13,1050.75,1314.49,2204.66,1872.85,1145.28,1424.7,0
458,2155.98,0.161,24,40,0.826,0.173,4.1,473.82,2413.36,2206.25,2513.88,2472.39,1993.88,1832.3,1
459,495.44,0.519,22,14,0.288,0.154,2.75,90.6,916.84,223.29,528.66,608.78,606.65,36.35,1
460,1248.57,0.295,26,30,0.537,0.08,3.85,395.8,1569.4,2004.5,1314.39,1221.78,1202.5,1595.46,1
461,2329.43,0.208,26,30,0.634,0.13,3.99,745.93,1694.6,2607.34,2760.99,2054.17,1400.27,2813.12,1
462,3104.99,0.147,22,36,0.916,0.059,3.86,783.6,2893.33,3463.52,2420.4,3526.98,3098.06,1823.16,1
463,1945.98,0.548,19,15,0.1,0.262,3.09,265.66,2061.72,3414.84,930.77,1020.77,1090.6,0.0,1
464,533.6,0.341,21,27,0.363,0.189,3.49,45.14,428.62,718.45,482.81,378.59,748.5,558.49,1
465,593.37,0.272,18,30,0.645,0.077,3.74,142.62,1001.53,598.45,378.61,811.31,749.85,636.26,1
466,1955.24,0.202,16,33,0.662,0.03,4.41,564.6,1764.44,1882.06,1847.74,2097.77,1052.04,1766.39,1
467,988.22,0.107,16,26,1.0,0.034,3.65,17.5,983.62,1124.69,953.64,1030.12,1073.12,984.73,1
468,2826.25,0.228,22,26,0.689,0.034,3.26,754.34,2439.0,2843.37,2882.45,3212.41,3077.41,2666.74,1
469,547.95,0.371,21,17,0.605,0.05,3.77,87.46,595.05,395.71,536.39,528.67,246.31,553.33,1
470,1417.89,0.175,18,30,0.761,0.061,4.16,50.02,1760.2,1904.89,1682.7,1061.88,1635.39,1194.8,1
471,1096.2,0.559,20,7,0.117,0.262,3.35,238.48,1166.62,522.32,1447.54,1250.2,311.41,1088.68,1
472,2357.84,0.167,23,42,0.8,0.169,3.97,595.95,2271.35,1672.78,2329.79,2350.64,2810.17,2091.53,1
473,1007.63,0.187,27,29,0.594,0.17,3.68,153.05,805.2,1194.78,944.81,845.7,885.83,864.8,0
474,359.32,0.542,19,14,0.262,0.276,3.35,34.28,594.92,216.8,350.05,147.07,63.45,0.0,1
475,1371.75,0.309,16,29,0.555,0.164,3.55,434.8,1310.85,1556.13,1359.09,1352.02,2270.48,1297.36,0
476,2746.8,0.147,26,38,0.973,0.045,4.96,347.5,2671.65,3478.29,3760.68,2200.24,2124.35,3070.02,1
477,2773.05,0.372,23,22,0.376,0.301,3.6,756.37,360.21,1354.76,1269.47,2625.11,1941.56,2437.18,1
478,1010.86,0.372,17,15,0.331,0.121,3.66,59.6,962.97,995.46,662.14,911.46,781.24,877.78,1
479,2202.4,0.24,16,27,0.658,0.085,5.0,469.73,1990.35,2986.64,1635.18,2139.41,1961.5,2866.27,1
480,1838.68,0.386,20,20,0.567,0.111,3.61,387.96,543.56,2322.32,2029.67,2124.27,2334.31,2565.67,1
481,2532.53,0.393,15,14,0.425,0.208,3.83,632.81,3518.72,2353.33,2761.41,3152.33,2590.24,4261.11,1
482,2110.91,0.102,29,31,0.866,0.005,4.65,632.09,1995.47,2626.21,1987.31,1957.46,2327.5,2597.68,1
483,382.29,0.519,16,14,0.138,0.274,3.67,43.93,758.71,363.36,560.24,555.01,456.14,394.1,1
484,1924.66,0.175,29,27,0.689,0.127,4.23,426.62,2402.29,2058.68,2049.49,1850.58,1359.73,1533.91,1
485,1201.48,0.306,12,17,0.531,0.178,3.96,84.91,936.84,1807.8,1546.34,1846.01,1403.62,1009.91,1
486,1712.06,0.362,19,12,0.424,0.204,3.56,119.45,2560.23,2319.62,2457.49,1349.45,1856.88,2066.99,1
487,610.63,0.345,25,13,0.494,0.224,3.39,81.66,949.53,888.75,162.2,271.56,479.19,913.66,1
488,1127.73,0.304,17,20,0.52,0.137,4.04,239.92,935.85,818.98,1363.05,1413.85,1839.48,767.73,1
489,2691.89,0.222,21,34,0.752,0.108,4.85,845.66,2073.72,3427.1,1919.64,2946.68,3056.06,2844.7,0
490,1418.2,0.244,20,17,0.685,0.062,4.43,466.19,670.91,1477.0,1504.68,1834.84,1744.72,1143.31,1
491,1043.0,0.377,17,11,0.358,0.132,3.8,158.13,1192.69,749.57,1014.32,1164.83,1427.24,985.3,1
492,4257.28,0.378,20,28,0.427,0.252,3.99,870.37,2691.19,4614.39,4208.66,8022.36,3581.41,3997.24,1
493,693.75,0.257,16,19,0.633,0.071,3.56,177.21,766.93,727.66,478.99,660.07,806.66,761.7,0
494,2121.24,0.508,16,12,0.168,0.26,3.13,511.71,1509.8,4132.74,3230.84,3247.87,2461.53,4309.58,1
495,2963.63,0.235,23,26,0.457,0.182,4.27,493.28,2420.86,3229.05,2065.31,2597.86,2575.88,3294.33,1
496,906.85,0.556,16,13,0.204,0.278,3.88,168.75,623.67,513.07,1285.37,1154.87,290.77,690.07,1
497,1030.89,0.445,14,16,0.371,0.094,3.17,176.47,433.96,566.4,373.3,1342.26,1042.01,757.7,1
498,2019.56,0.166,28,35,0.982,0.069,4.09,329.86,1831.36,2003.69,2013.58,2298.39,2216.13,1955.65,1
499,1469.6,0.436,21,16,0.282,0.197,4.38,224.39,997.88,607.4,2625.13,1966.76,1480.01,911.38,1
500,857.2,0.38,16,22,0.424,0.134,3.74,146.09,852.59,624.22,1626.37,0.0,797.83,902.69,1
501,769.75,0.474,13,14,0.271,0.19,4.16,113.56,807.78,680.67,179.26,744.69,779.73,0.0,1
502,893.69,0.443,15,16,0.371,0.229,3.6,79.69,469.8,726.74,614.89,666.11,780.13,810.12,1
503,1632.58,0.13,26,44,0.879,0.087,4.4,406.52,1866.74,1787.21,1521.39,1552.19,1962.15,1604.49,1
504,1203.55,0.335,21,22,0.552,0.126,3.63,266.35,1139.3,906.44,2111.64,1089.43,1312.38,736.17,0
505,336.19,0.433,21,16,0.21,0.161,3.83,110.99,554.93,0.0,326.24,478.5,265.37,280.56,1
506,1585.6,0.304,20,25,0.646,0.055,4.47,332.28,1701.88,772.54,2103.92,1683.31,713.57,2125.75,1
507,1135.34,0.244,19,35,0.697,0.134,3.72,166.49,1154.5,1130.4,1218.44,994.62,1080.66,1465.87,1
508,400.7,0.566,21,9,0.211,0.153,3.19,52.05,289.26,267.51,128.5,67.43,269.77,279.69,0
509,1092.12,0.316,18,23,0.665,0.098,4.16,200.72,1304.62,664.72,449.36,1621.96,879.93,1273.04,1
510,1475.28,0.127,24,39,0.722,0.223,4.2,330.8,1481.59,1843.43,1360.03,1353.6,1652.47,1193.59,1
511,2540.13,0.319,14,19,0.502,0.167,3.59,407.5,3234.69,3210.65,4414.64,2434.38,2604.64,2300.52,1
512,690.47,0.545,14,18,0.065,0.291,3.65,43.07,1293.84,668.5,787.33,1494.7,57.85,777.25,1
513,1961.31,0.477,22,11,0.298,0.142,3.87,237.08,1281.26,2179.59,2947.8,1381.13,2540.3,3389.93,1
514,3407.62,0.224,19,25,0.744,0.023,3.81,618.28,3876.17,3205.11,2324.39,3197.06,2199.29,4318.66,1
515,733.71,0.545,19,12,0.114,0.281,3.24,175.52,967.71,232.27,603.64,826.56,1010.99,817.27,1
516,1439.62,0.101,15,31,0.909,0.029,3.89,88.01,1506.09,1589.17,1552.62,1206.61,1370.69,1307.37,1
517,4743.24,0.067,21,36,0.902,0.103,3.84,954.37,4606.51,5011.95,4398.83,4199.78,4770.67,5172.04,1
518,1828.46,0.236,21,28,0.712,0.099,4.08,361.47,1650.34,975.6,1800.87,1620.73,1817.71,1681.69,1
519,1833.1,0.42,25,19,0.402,0.347,3.52,263.74,1383.75,2007.36,1156.05,1489.09,1719.1,2178.25,1
520,948.4,0.369,15,17,0.564,0.105,3.37,126.18,737.01,1066.34,1237.77,995.4,1021.76,905.5,1
521,2500.67,0.32,24,26,0.372,0.196,3.62,302.82,1828.56,2243.28,2819.49,1718.26,2566.18,4094.5,1
522,1414.43,0.439,23,24,0.398,0.131,3.18,270.53,1349.49,2717.79,1839.12,1684.13,2576.39,1035.31,1
523,554.37,0.139,20,33,0.748,0.14,4.43,149.76,496.04,707.45,621.42,388.36,571.61,624.9,1
524,1022.16,0.367,18,20,0.348,0.21,2.83,281.94,1185.72,880.43,936.68,995.77,1114.96,989.72,1
525,741.48,0.28,21,22,0.695,0.053,3.46,66.79,753.29,695.29,949.48,816.16,594.38,859.47,0
526,1165.13,0.394,13,21,0.41,0.157,2.92,192.3,1242.85,1008.76,894.07,1316.07,1340.17,1909.6,1
527,675.88,0.399,17,20,0.487,0.222,3.67,3.05,602.12,511.01,844.64,631.98,399.82,135.24,1
528,2543.59,0.248,27,29,0.627,0.181,3.39,480.06,2587.1,1962.21,1299.1,2126.64,3269.81,2502.31,1
529,1650.58,0.283,23,21,0.508,0.077,3.9,376.02,1534.92,1887.59,1301.56,1560.85,956.46,1232.49,1
530,539.89,0.489,17,25,0.354,0.163,4.1,165.03,745.73,1057.81,1151.37,865.72,317.12,657.58,1
531,1122.65,0.25,21,26,0.55,0.229,4.54,41.63,998.42,1557.93,1294.22,954.31,665.17,1316.78,1
532,2915.22,0.082,26,36,0.925,0.035,3.63,270.99,3004.76,3103.4,3060.99,3148.45,3015.28,2803.04,1
533,2749.48,0.372,22,22,0.359,0.194,3.67,526.61,1413.44,287.71,1906.87,3912.55,2315.98,2215.57,1
534,867.61,0.281,19,34,0.655,0.163,3.6,43.84,1041.2,413.06,600.85,444.42,1034.83,917.29,1
535,844.3,0.357,26,26,0.456,0.094,3.24,163.6,675.76,1164.98,764.63,805.68,550.3,460.62,1
536,6081.69,0.238,27,30,0.729,0.046,4.03,1397.82,4758.91,8429.75,5984.35,4663.98,6852.32,6564.85,1
537,1649.77,0.288,24,27,0.658,0.094,4.4,127.85,1108.92,1912.75,2559.0,936.5,1925.15,1261.41,1
538,1379.6,0.348,17,27,0.657,0.171,4.03,262.96,795.49,1233.05,1868.28,1759.45,1481.18,1731.45,1
539,723.32,0.412,15,16,0.364,0.235,3.28,60.05,579.83,1126.33,755.78,864.38,732.52,330.57,1
540,1492.77,0.356,18,20,0.448,0.199,4.0,432.96,2289.9,1893.61,1527.73,1632.91,1565.75,1191.04,1
541,5622.73,0.073,25,36,0.915,0.039,3.54,1105.05,5358.31,6090.25,5934.35,5176.57,5248.42,5314.0,1
542,983.08,0.539,10,13,0.323,0.251,3.01,126.62,0.0,0.0,284.68,1094.54,413.64,825.18,0
543,3552.23,0.181,25,25,0.859,0.053,3.88,287.55,3786.74,3772.54,2319.31,2711.31,3901.23,4435.41,1
544,1739.84,0.393,26,19,0.416,0.2,3.88,367.34,977.03,2954.7,2248.76,1792.74,1487.44,2318.99,1
545,856.85,0.359,23,23,0.414,0.217,3.77,247.32,1107.45,1019.07,879.0,653.4,996.29,709.33,1
546,754.53,0.393,16,14,0.272,0.292,3.45,89.25,629.54,1035.99,365.06,1066.42,1214.9,611.89,0
547,551.83,0.462,15,13,0.325,0.191,3.39,79.92,482.03,561.1,18.16,459.32,435.37,777.37,1
548,1537.33,0.383,20,24,0.421,0.152,3.64,184.22,2243.07,1599.86,2064.21,1673.63,1183.62,851.26,1
549,2489.13,0.498,18,20,0.358,0.25,3.69,757.79,3255.34,4228.77,1842.22,2778.59,2086.9,2516.89,1
550,1422.81,0.431,20,16,0.335,0.26,3.58,38.86,658.76,1012.21,1668.17,1376.34,1446.7,1051.46,1
551,1515.29,0.217,25,21,0.856,0.034,4.0,428.59,1153.13,1262.39,1428.39,1549.99,1717.62,1458.72,1
552,788.18,0.444,22,17,0.288,0.148,3.5,118.09,164.1,620.85,776.2,894.48,778.25,1071.3,1
553,1994.09,0.108,19,40,0.833,0.128,4.57,347.51,2556.25,1999.15,1866.2,1800.52,2442.95,1849.57,1
554,584.02,0.525,19,14,0.404,0.092,3.25,89.21,319.48,90.31,560.56,707.57,713.07,882.73,0
555,499.16,0.553,15,16,0.033,0.182,3.22,99.42,821.86,700.83,658.35,737.46,714.55,1105.92,1
556,1736.48,0.527,16,8,0.148,0.225,3.7,211.18,1249.25,1586.13,1484.09,2100.2,1702.74,2289.37,1
557,981.83,0.551,20,9,0.189,0.228,2.83,259.86,397.93,1443.43,801.86,790.32,1528.94,936.36,1
558,1009.63,0.501,21,10,0.243,0.156,4.01,270.5,1020.54,0.0,1317.11,1097.89,905.74,1595.26,1
559,1620.57,0.273,27,19,0.477,0.162,3.38,164.21,1475.91,2000.31,1919.12,1459.48,1335.28,1129.53,1
560,3206.22,0.022,26,32,0.952,0.045,4.32,748.32,3263.96,3302.49,3124.32,3197.67,3271.41,3315.75,1
561,1459.94,0.363,19,26,0.471,0.128,3.28,221.15,1891.19,1692.17,1444.63,831.02,1429.6,1061.17,1
562,891.02,0.318,19,22,0.571,0.229,4.67,164.06,723.9,899.52,742.69,1281.83,960.47,1504.99,1
563,799.6,0.331,14,27,0.683,0.121,3.68,241.49,418.8,1028.41,803.23,1311.45,1059.26,609.95,0
564,1259.43,0.471,24,14,0.383,0.231,3.28,158.78,549.61,2013.28,2109.65,842.05,1341.83,1651.76,1
565,1656.26,0.358,19,22,0.515,0.069,3.63,420.89,304.66,1965.92,1868.83,2121.8,1567.88,732.73,1
566,1424.48,0.373,22,22,0.514,0.068,3.73,308.5,1278.52,1742.31,2575.45,2199.79,1139.75,1311.07,1
567,1522.86,0.324,24,24,0.569,0.151,3.75,250.48,1517.05,2339.48,1631.09,1050.9,2046.11,990.74,1
568,1244.05,0.32,15,30,0.517,0.233,3.71,260.5,788.48,1547.48,1177.7,383.62,1107.83,669.41,1
569,1659.05,0.103,20,31,0.939,0.0,2.9,331.6,1443.54,1522.57,1655.69,1917.72,1650.33,1864.64,1
570,917.18,0.46,25,14,0.333,0.194,3.53,80.1,910.39,1452.02,977.41,912.82,1038.33,398.85,1
571,3028.35,0.289,22,25,0.616,0.054,3.89,398.11,2474.78,2919.97,3311.16,2573.29,3276.06,2384.45,1
572,920.73,0.398,17,19,0.496,0.11,4.04,88.74,842.64,932.93,556.95,938.09,1292.48,608.42,1
573,1687.29,0.259,21,25,0.701,0.104,4.49,266.37,1527.09,1733.92,1585.57,1526.28,1656.83,2184.48,1
574,555.41,0.242,27,28,0.841,0.035,4.04,159.74,588.87,685.76,457.95,953.56,740.58,692.3,1
575,1912.86,0.105,28,32,1.0,0.0,4.79,433.23,1799.86,2262.46,2118.68,1806.77,1863.13,2166.79,1
576,396.11,0.593,10,14,0.12,0.174,2.66,25.9,281.35,401.85,0.0,472.97,483.17,211.44,0
577,762.54,0.435,24,18,0.234,0.117,3.71,120.58,138.66,1336.51,814.56,1190.96,701.62,1209.98,0
578,4760.86,0.559,20,18,0.158,0.254,2.95,945.94,4626.99,5198.62,722.91,8185.09,10328.08,2646.4,1
579,1533.82,0.361,19,22,0.475,0.181,3.18,367.39,1582.87,2309.3,1772.87,2139.97,1339.9,1116.43,1
580,1652.36,0.642,11,5,0.104,0.274,3.01,211.4,1463.91,1862.8,1229.32,1200.93,1376.42,911.36,0
581,2140.36,0.53,22,17,0.365,0.133,3.93,173.38,4310.55,1581.4,78.06,1967.71,2270.61,1388.55,1
582,2938.8,0.246,23,33,0.487,0.199,4.0,515.74,3056.6,4329.7,3620.63,1365.29,2745.76,2873.11,1
583,790.97,0.49,11,10,0.351,0.218,3.94,178.38,730.38,563.34,0.0,762.13,912.75,466.22,0
584,3484.09,0.336,19,18,0.597,0.121,3.37,692.59,4069.08,2716.67,3447.27,3522.54,4924.55,3755.3,0
585,2366.95,0.569,29,7,0.188,0.215,3.63,258.53,5210.4,676.61,3297.14,3365.15,2565.19,0.0,1
586,1842.47,0.155,23,28,0.871,0.02,3.97,590.27,1914.52,2203.77,2234.97,2354.36,1895.01,1907.52,1
587,1248.17,0.502,15,11,0.267,0.213,3.52,214.8,0.0,2189.84,239.65,1693.69,1104.64,565.65,1
588,981.52,0.46,14,16,0.342,0.265,3.6,191.88,1176.53,1149.94,748.61,1464.77,753.55,679.38,1
589,1845.23,0.331,28,22,0.619,0.172,4.11,234.42,1308.87,1245.04,2506.3,1834.58,1904.12,1451.6,1
590,1086.29,0.532,20,16,0.17,0.215,3.28,291.69,0.0,1082.37,1751.82,1828.74,1090.68,1631.53,1
591,1408.11,0.58,21,13,0.143,0.261,2.83,317.88,2794.8,1160.91,2454.32,1417.21,2366.52,1820.31,1
592,3762.3,0.443,20,14,0.442,0.104,3.94,771.92,6232.59,2044.01,8033.7,5664.24,2163.05,3486.26,1
593,718.25,0.396,24,19,0.469,0.189,4.29,63.11,461.09,579.36,573.73,946.81,1131.48,515.05,1
594,2413.69,0.328,16,27,0.518,0.099,3.45,645.72,1702.47,2813.96,2708.42,2724.52,2297.49,3033.31,1
595,1375.43,0.239,23,34,0.643,0.144,3.35,330.86,1428.14,1176.3,1261.63,868.46,1424.31,1965.98,1
596,4408.49,0.06,26,35,1.0,0.168,4.63,1151.47,4176.21,4485.04,3890.21,4695.39,4129.07,4401.14,1
597,1585.17,0.25,28,33,0.868,0.024,3.95,290.03,1531.64,881.14,1549.5,1735.05,1807.9,951.69,1
598,2339.44,0.168,24,29,0.8,0.216,4.15,407.09,2058.42,3001.11,1553.58,2616.29,1960.98,2062.47,1
599,1660.47,0.091,22,30,1.0,0.045,4.6,274.7,1599.82,1601.19,1581.58,1707.97,1717.03,1745.18,1
600,589.24,0.26,22,39,0.644,0.071,3.89,213.49,373.82,722.74,364.03,663.78,631.53,521.33,0
601,4147.15,0.122,16,29,0.813,0.027,4.12,566.52,4564.66,4242.42,4368.73,4803.86,3982.75,3713.6,1
602,496.45,0.497,9,16,0.276,0.319,3.45,42.25,793.31,595.71,304.46,379.58,0.0,273.97,1
603,1215.99,0.527,20,7,0.283,0.224,3.85,182.57,1151.77,490.53,71.9,1515.69,2600.67,1274.74,1
604,860.17,0.226,21,21,0.846,0.03,4.08,118.14,853.13,712.44,1028.3,709.17,655.41,562.25,1
605,722.37,0.231,21,31,0.699,0.085,3.57,202.83,827.26,599.36,621.72,818.52,767.84,716.6,1
606,1639.93,0.2,26,27,0.823,0.086,3.62,117.29,1640.55,1648.23,1498.34,1722.27,1400.79,1668.91,1
607,1295.41,0.222,27,28,0.807,0.068,4.07,175.01,1793.81,1677.56,1013.65,1113.59,1597.41,1165.87,0
608,1010.44,0.079,26,38,0.93,0.055,3.95,197.28,904.72,1045.24,1102.73,1017.97,979.96,926.68,1
609,1366.5,0.465,25,14,0.268,0.292,2.76,384.62,1913.47,794.51,1538.37,1005.2,888.77,2013.5,1
610,575.7,0.444,21,19,0.499,0.089,3.92,136.47,546.48,598.05,418.83,478.98,727.99,234.68,1
611,1828.35,0.215,23,23,0.634,0.144,4.33,565.91,1388.07,1796.69,1076.74,1967.68,1328.87,1896.18,1
612,1600.73,0.241,23,27,0.749,0.079,3.96,332.41,2467.26,1465.43,2568.89,1704.23,1441.36,1881.37,1
613,172.36,0.645,10,6,0.23,0.187,3.21,28.22,437.7,170.65,392.55,0.0,249.15,190.1,0
614,1355.0,0.223,26,19,0.689,0.151,4.17,336.64,1292.06,1586.23,1791.92,1467.17,1811.22,1727.76,0
615,1302.38,0.37,10,15,0.528,0.065,3.93,91.98,1516.66,955.5,963.57,1156.22,838.66,755.31,1
616,791.97,0.25,19,27,0.719,0.0,4.26,34.22,698.82,723.59,692.94,710.07,671.08,635.62,0
617,1921.49,0.362,20,23,0.495,0.158,2.72,495.94,1705.42,2605.39,2200.49,1136.59,2166.7,1600.31,1
618,1964.34,0.234,19,25,0.716,0.084,3.95,386.67,1444.05,2179.79,1553.69,1943.49,1046.68,3476.15,1
619,602.18,0.424,16,15,0.438,0.093,3.65,154.83,275.01,929.05,349.34,468.52,949.11,731.95,1
620,1647.69,0.314,27,18,0.513,0.056,3.54,184.23,2602.71,2391.27,2403.03,2307.21,1130.09,2007.62,1
621,2768.1,0.341,25,19,0.647,0.205,3.9,782.77,2731.48,1482.87,2716.02,1115.51,2354.91,3385.29,1
622,671.91,0.368,16,15,0.467,0.176,3.81,156.98,684.41,743.15,395.19,433.72,736.37,691.39,1
623,1186.5,0.343,18,17,0.498,0.146,3.81,210.62,856.65,979.78,1574.21,766.66,1207.36,1613.59,1
624,2674.75,0.259,16,22,0.556,0.241,4.56,525.82,2806.46,1843.64,2276.84,2854.08,2006.64,1378.0,1
625,705.22,0.533,20,10,0.345,0.235,3.76,146.51,140.3,408.75,0.0,1145.92,1351.9,809.27,0
626,1520.4,0.429,17,16,0.322,0.278,3.42,169.47,1015.7,1324.21,780.18,1848.57,0.0,1799.71,1
627,658.38,0.274,14,35,0.716,0.032,3.89,98.23,442.11,605.29,565.28,461.06,456.13,842.0,1
628,1462.24,0.265,22,27,0.59,0.062,2.84,301.94,1964.04,1226.69,1547.61,1295.65,1215.09,1013.69,1
629,1366.69,0.666,18,17,0.142,0.265,3.04,199.52,0.0,1354.27,1523.07,629.89,501.94,381.39,0
630,348.55,0.392,23,26,0.349,0.204,3.11,21.77,187.46,682.79,516.28,417.91,515.16,209.36,1
631,736.55,0.595,16,14,0.164,0.291,3.33,149.95,0.0,0.0,632.7,539.59,10.01,965.38,0
632,1930.54,0.239,20,23,0.559,0.049,3.98,476.62,1520.27,2454.74,1715.89,1279.28,2648.48,2177.89,1
633,1421.84,0.61,24,12,0.048,0.293,3.46,377.47,1023.52,1405.91,2501.07,1928.67,1180.75,598.53,1
634,947.08,0.414,19,19,0.38,0.224,4.16,210.81,1330.7,775.28,1331.06,1442.71,413.13,1698.12,1
635,630.37,0.502,20,14,0.076,0.298,3.38,154.73,560.1,0.0,562.8,573.81,0.0,721.03,1
636,1508.43,0.515,15,17,0.146,0.213,4.27,390.69,1189.41,2101.09,1735.34,1601.98,1341.28,1604.94,1
637,1206.79,0.419,22,22,0.534,0.162,3.8,224.91,1358.26,479.02,966.72,446.03,852.26,1101.92,1
638,1585.93,0.379,14,16,0.492,0.108,3.17,16.63,1319.64,2083.68,887.2,347.85,1728.12,2145.37,1
639,1222.59,0.539,15,11,0.06,0.24,2.99,333.5,2810.75,2370.15,2670.6,4.02,925.66,1479.27,1
640,1006.45,0.27,16,23,0.647,0.056,3.76,109.23,845.93,658.03,859.27,994.3,1266.05,1519.75,1
641,2367.17,0.411,17,19,0.369,0.14,3.9,211.93,2769.88,3504.47,2654.32,2067.41,2228.46,1185.53,1
642,948.94,0.488,23,16,0.351,0.17,3.06,87.04,1331.34,960.71,247.77,1201.68,752.79,233.79,1
643,3302.31,0.14,20,38,0.763,0.055,4.04,1250.8,3014.78,2330.66,3644.0,3210.61,3753.87,2958.95,1
644,3068.46,0.439,22,15,0.352,0.144,3.5,660.47,3291.04,1446.79,1445.39,4397.97,3375.57,3813.26,1
645,3574.58,0.206,28,30,0.678,0.036,3.85,345.56,3205.0,3706.09,4812.73,4218.22,4146.17,3258.69,1
646,1090.96,0.455,18,12,0.551,0.23,3.84,136.73,1227.07,1290.23,1983.71,930.8,1661.49,1722.27,1
647,5202.88,0.544,20,16,0.076,0.226,3.46,936.22,5488.38,731.28,6803.01,2364.26,4371.75,4089.55,1
648,1732.27,0.303,23,23,0.582,0.141,4.31,386.97,1658.62,1748.91,1792.58,726.25,1752.35,2300.28,1
649,1490.13,0.396,19,24,0.458,0.067,3.46,301.52,807.98,1976.28,1379.49,2336.38,1988.24,999.72,0
650,1290.34,0.502,21,7,0.246,0.276,3.96,136.4,2497.48,1937.13,1259.54,679.85,0.0,2056.62,1
651,706.31,0.511,25,17,0.125,0.247,2.83,145.06,917.79,557.42,853.9,166.62,669.61,1200.09,0
652,3298.41,0.268,19,18,0.652,0.085,3.5,432.44,1895.85,3685.52,3377.64,3413.06,3099.88,2799.78,1
653,740.46,0.552,14,13,0.369,0.156,2.98,195.3,568.61,1178.9,1141.81,132.32,893.38,940.61,1
654,2331.09,0.304,17,30,0.552,0.175,3.87,430.1,1220.14,2934.54,1681.04,2422.31,1764.0,2520.61,1
655,3641.49,0.283,26,30,0.668,0.0,4.51,434.26,4427.79,4561.25,5218.13,3294.49,4771.75,4174.61,1
656,2404.73,0.284,25,22,0.648,0.067,3.62,565.39,2389.86,2482.22,2116.19,3035.3,1901.08,3281.58,1
657,1267.21,0.106,23,34,0.905,0.038,4.26,266.95,1267.76,1254.53,1167.15,1379.47,1205.63,1397.78,1
658,825.57,0.36,11,23,0.436,0.154,3.58,117.24,575.3,906.41,933.3,1153.37,628.17,978.31,1
659,207.19,0.508,15,19,0.115,0.367,3.58,49.39,173.98,126.83,252.06,228.89,336.58,276.95,0
660,1610.93,0.254,24,31,0.712,0.075,3.84,371.04,1933.45,2066.57,899.39,1259.26,756.44,1090.9,1
661,2373.18,0.325,20,18,0.595,0.171,3.65,655.34,3187.29,1193.15,2002.22,1573.68,3750.97,2341.63,1
662,951.12,0.503,18,18,0.246,0.299,2.73,225.24,1355.74,710.04,0.0,697.43,1655.44,424.56,1
663,941.9,0.311,18,23,0.429,0.196,3.55,153.42,486.54,931.26,743.67,1526.95,776.18,936.57,1
664,1318.37,0.363,24,12,0.494,0.113,4.24,59.01,1229.37,1542.95,1015.86,1199.21,1809.4,1852.38,1
665,3255.72,0.278,22,29,0.499,0.081,3.94,634.64,3485.01,3850.91,3524.97,3401.47,3373.47,3249.33,1
666,1538.82,0.264,23,21,0.555,0.169,3.57,319.07,1240.83,2142.67,1219.33,2154.67,2209.15,522.69,1
667,3489.73,0.499,18,14,0.367,0.261,3.87,642.44,600.77,3625.12,2530.15,3933.1,5145.17,1666.87,1
668,877.83,0.48,20,17,0.252,0.234,3.18,0.0,335.58,575.23,1427.36,562.31,1802.14,1122.73,0
669,1985.2,0.233,24,30,0.595,0.183,4.62,465.15,2678.81,1918.13,2939.84,2322.88,1262.75,1735.88,1
670,697.53,0.582,13,9,0.085,0.378,3.77,74.66,213.85,567.86,323.68,523.58,775.2,1015.73,0
671,7222.09,0.076,26,36,0.851,0.099,4.49,1696.16,7248.2,7507.52,7781.63,7380.81,6275.61,6559.37,1
672,1527.18,0.413,22,13,0.253,0.152,2.93,482.67,1428.53,853.83,1771.92,1850.39,1199.84,1768.08,1
673,4607.06,0.488,22,16,0.304,0.197,4.29,736.1,4261.6,4212.97,700.99,3496.64,9660.75,5577.39,1
674,1386.39,0.227,24,34,0.636,0.179,4.28,298.18,1285.93,1896.04,1137.9,1444.93,1533.45,1634.49,1
675,3633.12,0.229,18,28,0.699,0.083,3.88,663.49,4290.52,3782.95,1110.77,4966.05,4453.3,3087.29,1
676,1307.46,0.363,16,27,0.46,0.23,4.07,290.32,1324.38,807.43,1461.12,1009.92,1551.53,1677.79,1
677,2205.08,0.298,18,20,0.468,0.15,4.05,415.16,1793.46,1981.54,1496.66,3071.46,2501.44,3196.25,1
678,691.39,0.357,21,23,0.505,0.16,4.25,95.85,704.06,140.34,724.44,545.67,562.48,130.54,1
679,1367.93,0.512,17,15,0.173,0.209,3.11,147.2,473.97,1326.74,3166.94,2628.92,872.06,1404.11,1
680,906.41,0.045,20,32,0.977,0.034,4.49,278.48,925.9,973.87,971.63,871.39,883.93,832.47,1
681,1771.08,0.16,18,33,0.708,0.104,3.67,380.93,1578.63,1435.74,1554.32,1659.78,999.44,1527.98,1
682,520.32,0.187,14,27,0.67,0.022,4.32,128.23,459.76,378.87,422.32,666.84,512.35,444.69,1
683,1088.93,0.213,10,30,0.728,0.066,4.14,230.77,1207.86,937.49,1388.66,1448.76,1144.53,1073.52,1
684,2509.08,0.346,19,16,0.465,0.092,3.73,647.5,2155.0,3309.96,1635.62,3220.52,1970.8,2837.27,1
685,1741.79,0.59,25,11,0.14,0.215,3.09,188.68,1381.08,3493.51,2760.29,630.07,1607.5,2671.77,1
686,606.31,0.58,24,12,0.0,0.23,3.13,113.17,1016.79,763.88,1568.1,635.28,790.89,699.12,1
687,405.97,0.337,16,31,0.552,0.183,3.45,89.49,273.01,230.29,498.25,406.14,526.86,498.0,1
688,1408.62,0.543,17,10,0.017,0.317,3.55,399.22,1789.87,1391.62,2314.35,753.95,492.34,583.61,1
689,3333.07,0.283,15,30,0.601,0.148,4.54,1312.72,4230.11,5023.59,4342.06,3991.39,2582.22,4331.32,1
690,514.44,0.552,12,21,0.207,0.155,3.1,109.37,845.62,426.2,356.33,294.01,728.14,0.0,1
691,4457.15,0.329,16,23,0.501,0.14,4.01,566.56,7652.11,4663.35,4883.13,2562.67,5321.76,6698.21,1
692,1270.78,0.325,18,20,0.469,0.085,3.82,107.19,1005.35,1370.21,875.44,600.8,1826.47,1827.63,1
693,351.05,0.512,17,15,0.344,0.177,3.43,37.78,194.92,72.97,583.09,659.07,585.43,485.98,1
694,609.87,0.312,22,30,0.522,0.172,3.27,72.01,765.21,799.56,403.61,512.83,1068.89,1033.55,1
695,3079.9,0.154,26,30,0.76,0.13,3.72,0.0,3526.64,3485.55,3412.97,2847.32,2940.8,2222.85,1
696,2006.25,0.054,23,29,0.891,0.071,4.03,252.68,1920.1,1789.06,2129.55,1893.96,2178.23,2091.17,1
697,2815.08,0.482,18,24,0.141,0.298,2.54,668.13,3473.01,1009.25,2147.87,4671.49,1566.53,2998.43,0
698,607.53,0.324,16,17,0.462,0.167,4.31,113.02,1143.0,416.93,465.81,336.23,1078.11,655.51,1
699,1288.02,0.32,15,13,0.598,0.109,3.88,205.2,1331.11,1596.08,1218.17,792.35,1475.2,809.05,1
700,1475.06,0.19,17,18,0.639,0.154,4.13,74.11,1733.88,1264.55,1224.94,1384.86,1626.97,1585.71,1
701,1090.05,0.506,20,12,0.187,0.269,2.44,287.81,1959.01,1311.24,1176.24,1078.16,1635.61,1281.74,1
702,1271.76,0.22,21,24,0.646,0.082,3.31,280.99,1972.6,1220.88,1015.08,1456.12,892.37,1078.73,1
703,753.16,0.487,11,16,0.469,0.172,3.46,134.79,843.3,779.27,443.34,505.32,358.89,727.96,0
704,1587.45,0.34,20,21,0.486,0.134,4.58,6.03,2264.42,1855.39,1882.92,2421.79,1649.95,877.28,1
705,1541.0,0.301,16,20,0.518,0.04,3.56,216.88,1175.23,1667.33,1827.47,1230.76,1701.37,1357.58,1
706,1810.2,0.393,26,19,0.314,0.213,3.94,388.64,1827.91,1796.69,1601.2,1092.04,3293.07,2494.34,1
707,2556.24,0.376,17,27,0.434,0.097,3.46,454.28,2126.6,2871.0,971.82,1494.03,1642.79,3500.11,1
708,627.76,0.462,21,10,0.323,0.206,3.47,122.64,81.22,690.66,967.18,403.42,1074.25,850.6,1
709,618.62,0.244,26,21,0.636,0.034,4.55,145.27,377.13,587.03,551.07,442.58,578.61,763.3,1
710,1750.77,0.489,13,22,0.295,0.16,3.18,336.81,2119.29,1381.23,3518.07,2394.26,1511.24,2584.98,1
711,554.02,0.633,16,12,0.124,0.217,2.88,128.52,711.62,1213.05,507.62,203.25,496.6,328.47,1
712,1440.98,0.23,25,28,0.797,0.131,4.66,162.13,1095.67,1294.22,1485.99,1396.95,1339.78,1553.54,0
713,1109.78,0.183,22,24,0.615,0.09,3.98,91.2,1426.42,1387.71,1022.0,900.46,1208.7,1330.74,1
714,869.39,0.459,20,10,0.342,0.131,3.92,189.69,426.65,596.11,966.48,400.93,711.86,319.12,1
715,476.09,0.404,14,22,0.445,0.177,3.42,111.69,525.56,631.89,1144.63,688.88,204.86,209.69,1
716,1103.23,0.344,23,21,0.646,0.098,4.36,244.39,945.69,1779.99,970.83,1711.33,1001.62,556.65,1
717,1753.7,0.422,17,16,0.368,0.217,3.65,334.13,1832.88,1503.83,2698.63,2693.21,2091.77,431.77,0
718,1637.98,0.266,23,32,0.637,0.06,4.13,252.37,2029.75,1346.98,1677.49,996.45,1026.54,1179.81,1
719,1877.01,0.43,22,13,0.339,0.196,3.62,369.54,2488.3,1530.55,2824.45,801.4,2346.64,1452.87,1
720,950.52,0.5,21,10,0.247,0.332,3.23,199.94,1287.18,941.3,31.68,1891.46,1511.99,1669.79,0
721,2493.77,0.305,21,24,0.523,0.127,3.76,536.52,2935.2,2738.68,3973.59,2300.26,3619.82,2160.91,1
722,956.82,0.445,21,13,0.376,0.185,3.29,371.79,414.36,939.77,1102.17,370.86,1100.73,310.52,0
723,276.79,0.686,18,8,0.0,0.187,3.42,29.43,492.24,197.04,225.95,482.31,0.0,308.35,1
724,2185.58,0.274,27,17,0.639,0.068,3.86,957.46,1551.26,3354.89,2725.99,2225.89,2573.02,2072.53,1
725,2578.28,0.293,22,17,0.686,0.121,3.41,204.86,2498.19,2426.88,2686.97,3008.42,3308.79,1987.53,1
726,1123.55,0.378,22,30,0.632,0.096,3.23,236.91,974.48,860.44,636.5,174.0,828.01,873.82,1
727,2717.56,0.457,22,14,0.161,0.261,2.76,229.4,3152.16,3748.45,0.0,2312.57,2627.34,4042.11,0
728,773.28,0.346,18,27,0.373,0.198,3.92,158.14,643.55,999.83,1262.03,1027.23,902.72,395.92,1
729,1293.33,0.532,11,8,0.074,0.186,2.81,334.42,1184.25,2265.34,1139.98,852.67,2523.24,147.03,1
730,3897.73,0.443,21,12,0.402,0.22,3.72,711.75,6694.52,7228.35,2838.82,6031.35,3455.72,4704.25,1
731,1269.22,0.458,18,16,0.31,0.13,3.63,327.26,516.38,1470.48,958.13,503.88,1787.24,912.36,0
732,1239.59,0.304,17,24,0.65,0.069,4.01,181.11,1238.66,1130.89,1791.82,1197.13,1358.86,1824.9,1
733,945.52,0.614,18,8,0.0,0.281,3.26,15.14,298.95,0.0,661.09,1900.12,1061.25,855.97,0
734,5445.64,0.19,29,32,0.759,0.159,4.25,1253.24,6143.67,4474.86,6112.63,4254.37,6822.83,5341.75,1
735,1526.26,0.298,14,17,0.461,0.105,2.74,278.47,1195.74,1621.11,1374.07,1649.72,1148.13,1883.98,1
736,5282.16,0.324,23,16,0.478,0.158,3.5,748.12,5348.19,3258.7,3132.13,6284.69,5676.95,2417.03,1
737,1406.12,0.244,12,29,0.713,0.1,4.18,206.92,951.82,862.49,1715.23,1437.47,1415.45,1521.9,1
738,1045.82,0.205,20,30,0.695,0.129,4.68,222.26,1323.14,1059.95,1282.66,992.12,722.25,967.31,1
739,1092.45,0.435,26,25,0.367,0.238,4.26,125.45,1127.02,1461.42,769.76,676.18,1677.94,1580.19,1
740,1706.55,0.144,21,30,0.587,0.103,3.58,358.41,1740.36,1646.06,1697.29,1754.79,1910.0,1547.82,1
741,408.36,0.342,20,16,0.441,0.21,3.58,112.34,523.98,533.42,421.89,394.04,413.08,433.02,1
742,1127.8,0.378,23,17,0.405,0.235,3.07,388.87,593.76,1390.92,1317.75,514.86,1016.26,974.61,0
743,1189.87,0.126,17,30,0.911,0.131,4.94,347.87,1097.36,1362.75,1486.41,1355.32,1189.91,1251.99,1
744,2150.09,0.143,24,33,0.893,0.072,4.67,414.84,2202.19,2816.02,2050.85,1871.25,2366.82,2073.14,1
745,6078.29,0.176,24,28,0.909,0.051,4.46,1219.39,4190.93,8878.32,5724.77,4567.63,6134.95,6359.27,1
746,1434.01,0.548,25,15,0.349,0.159,3.44,212.2,133.55,2009.07,1296.22,965.83,909.39,2811.97,1
747,448.56,0.214,17,22,0.647,0.035,4.59,64.03,369.7,404.4,358.09,362.84,398.91,421.1,1
748,874.38,0.316,20,35,0.589,0.109,4.44,218.39,559.42,891.44,398.99,803.09,871.03,985.55,1
749,1407.76,0.441,16,23,0.519,0.146,4.12,218.77,1194.06,2385.49,1490.89,635.62,828.19,2828.74,1
750,1124.73,0.443,14,21,0.352,0.176,3.69,235.39,1384.96,679.8,1387.37,1347.87,1290.76,1318.92,1
751,3171.93,0.542,21,11,0.163,0.259,3.13,326.71,4460.87,5660.26,3176.14,5545.76,1808.84,0.0,1
752,2554.28,0.326,20,19,0.685,0.026,4.11,739.78,4062.06,2412.68,2502.02,2642.5,1759.03,1999.08,1
753,2526.87,0.267,19,27,0.652,0.098,4.24,389.65,2511.6,2680.14,1920.37,1552.2,4681.73,1714.53,1
754,1170.77,0.328,18,26,0.494,0.246,3.69,312.64,1230.05,860.58,1267.71,820.05,1915.77,1524.85,1
755,2453.11,0.405,17,13,0.419,0.215,3.57,303.44,2428.39,1137.66,2621.91,2673.01,2596.16,2359.88,1
756,695.8,0.445,17,23,0.47,0.183,4.0,83.12,794.94,609.49,842.8,86.93,959.23,1025.01,1
757,1811.61,0.443,13,12,0.333,0.206,4.14,518.56,2131.56,2858.13,2071.57,821.49,2631.59,2302.78,1
758,992.87,0.417,17,23,0.345,0.166,3.21,128.99,1374.37,702.46,1155.8,311.26,961.66,1244.1,1
759,526.21,0.387,18,26,0.454,0.069,3.49,28.71,713.34,854.84,794.97,549.74,583.84,276.91,1
760,1868.35,0.326,17,29,0.602,0.142,3.94,180.87,2184.88,1519.21,2217.08,3186.11,1708.57,2176.06,0
761,4001.32,0.232,23,31,0.786,0.0,4.31,994.47,5403.13,3009.74,4447.44,2830.81,5166.89,5269.85,1
762,1045.1,0.382,20,10,0.475,0.135,3.4,251.71,1055.78,1146.27,350.11,1370.7,1551.41,467.93,1
763,4054.45,0.236,20,30,0.771,0.077,4.86,482.48,3468.68,4704.89,5063.53,3514.36,5550.51,3750.68,1
764,673.58,0.146,23,33,0.894,0.024,4.44,87.2,629.44,692.1,644.24,543.54,699.78,708.49,1
765,706.26,0.488,26,5,0.219,0.324,3.63,165.15,669.79,758.29,733.57,1245.37,1453.43,740.05,1
766,1221.48,0.569,25,13,0.332,0.278,3.98,348.46,468.97,2334.62,337.54,2721.33,1168.46,2219.08,1
767,1013.31,0.358,16,19,0.43,0.214,3.61,176.82,790.62,1047.77,1772.08,1162.85,1756.49,1277.81,1
768,756.26,0.379,15,23,0.407,0.122,3.54,169.66,429.75,621.51,47.51,860.11,623.55,872.59,1
769,1596.8,0.196,18,21,0.596,0.217,3.55,399.0,1704.33,1242.6,2062.02,1616.27,1191.18,1852.4,1
770,1308.77,0.244,26,18,0.657,0.137,3.93,461.0,1421.74,1715.41,1444.52,1261.44,1956.2,1552.79,1
771,1253.17,0.246,20,28,0.646,0.061,3.44,109.71,708.36,1122.07,666.36,1357.92,1456.57,1265.82,1
772,1822.31,0.351,22,27,0.578,0.127,4.15,230.53,1404.09,1612.52,3124.38,2254.62,2154.24,1595.44,1
773,1316.3,0.258,30,33,0.685,0.147,4.15,183.6,1935.09,1672.92,1490.48,1880.22,1194.09,1652.04,1
774,1018.28,0.573,17,13,0.136,0.206,3.21,250.7,1386.01,2217.7,0.0,713.05,524.79,584.39,0
775,1036.29,0.33,23,9,0.496,0.153,3.71,165.65,1191.6,1122.21,891.88,1079.84,779.83,1011.58,1
776,724.73,0.329,22,11,0.619,0.131,4.07,148.55,566.19,692.03,852.29,703.61,757.79,448.66,1
777,2085.96,0.347,18,25,0.384,0.119,3.28,395.8,2294.05,2081.86,3326.96,2827.75,1977.16,2615.95,1
778,3256.53,0.537,21,12,0.079,0.237,3.3,586.63,3231.14,2459.45,2540.45,7456.06,0.0,5413.13,1
779,2132.29,0.458,15,22,0.446,0.107,3.85,402.13,1353.81,1784.6,0.0,3166.59,3787.22,1218.19,1
780,1940.14,0.279,25,18,0.485,0.192,3.01,509.08,1672.39,1750.09,2731.29,2372.99,1712.56,1856.68,1
781,843.66,0.375,17,23,0.445,0.113,3.92,86.35,694.55,1131.82,1001.29,1130.92,1235.5,691.76,0
782,953.51,0.485,16,16,0.414,0.181,2.83,160.31,265.16,912.74,0.0,1539.55,627.23,1450.73,0
783,2134.34,0.408,15,12,0.323,0.12,3.53,176.68,980.57,3319.27,2433.07,4239.04,2269.32,3369.53,1
784,259.49,0.52,14,12,0.229,0.156,2.94,51.41,232.58,243.8,320.01,32.1,390.68,194.85,0
785,1133.77,0.382,19,19,0.506,0.084,4.41,186.34,766.95,975.0,993.3,1393.14,1494.69,0.0,1
786,1815.53,0.268,12,21,0.612,0.102,3.5,482.1,1668.98,2437.91,1412.62,558.39,1685.03,2376.99,1
787,754.75,0.317,20,15,0.72,0.099,3.26,135.56,370.39,759.91,608.79,982.49,876.67,765.55,0
788,1195.13,0.648,14,15,0.0,0.288,3.24,172.69,1815.8,1097.2,943.13,1621.94,1718.69,1233.05,0
789,2523.67,0.151,27,34,0.756,0.0,4.11,404.45,3316.73,2536.46,2658.88,2315.22,2467.28,2891.03,1
790,799.51,0.14,25,27,0.738,0.077,3.67,254.14,914.52,963.69,887.76,500.61,674.83,758.76,1
791,1569.02,0.279,19,30,0.776,0.039,4.21,85.34,2063.62,1702.93,629.37,1562.72,1295.78,1293.28,1
792,991.63,0.33,19,30,0.544,0.161,3.09,128.71,1196.45,1400.37,1075.36,1064.53,867.57,875.27,1
793,2069.61,0.224,21,33,0.683,0.086,3.65,378.49,2192.51,1961.03,2295.41,2040.4,2081.67,2295.94,1
794,1964.85,0.489,23,14,0.115,0.237,3.14,253.63,2047.99,3011.74,2127.39,1367.66,3495.09,2809.52,0
795,1961.45,0.259,19,47,0.716,0.054,4.43,430.06,1496.35,2082.33,1755.55,1505.37,2422.97,2792.03,1
796,1558.39,0.241,19,23,0.737,0.172,4.52,273.47,1818.03,1890.47,2092.6,1538.91,1251.34,1710.17,1
797,1755.07,0.262,18,24,0.726,0.024,4.5,351.85,2045.55,2200.27,2374.24,1385.76,2600.89,1688.46,1
798,520.71,0.428,13,8,0.375,0.156,3.51,98.64,417.61,311.04,439.17,700.91,503.16,718.03,1
799,1623.84,0.314,23,29,0.526,0.144,3.01,278.9,1892.06,1660.53,1581.47,1583.7,1966.66,1128.56,1
800,684.24,0.51,18,7,0.165,0.216,3.44,52.5,442.18,1018.12,953.47,82.64,356.7,1179.34,1
801,3673.27,0.166,28,23,0.776,0.038,4.73,712.94,3289.0,4353.99,4455.28,3781.0,3397.54,3802.15,1
802,1638.55,0.626,20,7,0.004,0.178,3.62,63.78,2433.14,2923.5,802.52,2063.15,2702.58,1404.11,1
803,2800.2,0.284,30,25,0.605,0.084,4.01,353.51,3143.02,2883.59,1967.12,4088.58,2100.36,2029.37,1
804,5040.22,0.156,23,32,0.901,0.0,3.77,1104.49,4858.27,6248.4,5255.28,5768.28,5083.49,5532.01,1
805,929.48,0.528,17,20,0.239,0.294,3.21,255.77,758.9,607.03,378.2,488.54,1160.53,791.8,1
806,1122.63,0.103,18,34,0.881,0.163,5.0,413.07,1142.78,950.23,898.3,1287.07,1004.64,1111.75,1
807,1265.37,0.336,23,26,0.535,0.134,3.25,184.41,485.46,1147.41,916.77,676.41,510.05,555.23,1
808,584.34,0.325,21,33,0.694,0.026,3.44,64.74,440.4,811.51,663.59,589.69,756.71,501.77,1
809,765.99,0.174,26,32,0.954,0.068,4.56,169.88,597.17,621.04,973.32,866.62,1148.11,690.13,1
810,1245.25,0.553,12,7,0.028,0.214,3.0,410.43,1253.41,233.05,757.17,2249.76,1561.24,1533.49,0
811,672.18,0.294,22,20,0.641,0.082,3.4,203.42,887.51,331.86,647.6,1045.81,800.9,619.24,1
812,694.03,0.391,20,17,0.494,0.115,4.2,67.45,823.5,893.72,736.23,1039.92,454.13,0.0,1
813,1533.09,0.247,22,26,0.597,0.096,4.2,258.72,1339.22,984.41,1287.25,1481.31,2090.13,1375.79,0
814,694.86,0.572,13,6,0.07,0.235,3.02,172.35,413.87,913.2,405.69,925.38,545.03,116.46,0
815,2549.75,0.383,24,19,0.372,0.111,3.17,646.56,1812.91,2229.08,2877.17,2769.09,3687.18,1530.46,1
816,1783.33,0.37,28,31,0.48,0.115,4.55,405.44,3102.23,1275.06,993.52,1315.4,2183.89,2445.47,0
817,599.77,0.551,13,14,0.215,0.267,3.36,86.43,622.27,269.56,346.04,561.54,808.62,41.35,1
818,2720.49,0.367,23,15,0.473,0.15,4.29,616.57,2919.68,2926.2,2518.48,4513.2,3312.11,3014.5,0
819,1400.37,0.415,8,25,0.526,0.145,4.05,356.18,174.48,962.45,1587.62,1775.59,1726.39,1105.84,0
820,681.84,0.353,23,32,0.423,0.053,3.65,71.89,397.73,680.64,317.3,1177.28,750.01,513.42,1
821,1559.56,0.21,15,25,0.626,0.161,3.85,446.69,1545.09,1691.04,1516.71,1205.0,1877.03,1238.79,1
822,933.26,0.305,19,19,0.642,0.075,4.46,242.05,791.45,1107.66,565.8,824.65,726.58,1024.21,1
823,943.32,0.179,17,38,0.808,0.124,4.73,113.8,965.78,1101.08,827.79,1013.43,902.99,1016.23,1
824,4904.36,0.192,21,30,0.605,0.126,3.28,1245.67,5017.02,5059.17,5645.5,5602.01,6284.04,3283.1,1
825,1766.61,0.311,24,28,0.628,0.085,4.1,432.91,2096.0,1190.55,1726.1,1702.54,1861.46,2397.76,1
826,1022.79,0.28,13,18,0.67,0.018,3.8,253.75,487.82,1156.08,1500.49,1251.9,929.5,683.27,1
827,1496.63,0.32,19,23,0.57,0.236,3.45,458.09,967.03,1811.08,1462.04,1876.61,1992.53,1682.85,1
828,2006.24,0.388,17,18,0.278,0.241,3.64,359.44,1928.64,1864.8,2760.3,925.07,2658.58,1086.29,1
829,764.53,0.594,22,6,0.172,0.27,2.61,157.89,470.53,633.79,1125.46,1106.69,174.26,556.06,0
830,1218.13,0.197,23,21,0.814,0.157,3.83,0.0,1143.67,1812.15,1214.96,1475.71,1393.31,911.23,1
831,2137.19,0.238,17,32,0.649,0.119,3.76,575.47,2192.68,1479.1,1467.6,2287.91,2207.08,1868.09,1
832,638.53,0.199,20,25,0.736,0.154,3.9,167.02,544.1,701.11,625.2,405.29,728.77,613.05,1
833,1924.39,0.628,21,6,0.099,0.221,2.99,555.15,2156.86,3189.13,1280.22,1589.67,1937.33,534.76,0
834,490.65,0.507,21,23,0.304,0.231,3.04,51.55,625.97,405.76,348.5,599.59,606.15,568.87,0
835,1047.54,0.369,16,23,0.312,0.16,4.31,269.18,1072.69,982.39,1107.78,712.85,339.66,1219.74,1
836,494.41,0.384,18,14,0.485,0.124,3.87,129.29,631.12,418.26,219.45,668.59,324.65,1007.69,1
837,907.8,0.179,22,32,0.697,0.101,4.88,116.13,554.57,907.83,765.74,1026.4,1028.11,1058.76,1
838,2631.9,0.432,17,21,0.286,0.135,3.52,696.08,1965.02,3655.48,1480.21,2784.94,5614.98,3970.62,1
839,1703.67,0.523,11,12,0.125,0.255,3.18,369.77,2499.38,1526.93,1476.98,1719.22,2031.18,126.21,1
840,3231.13,0.209,20,31,0.871,0.037,4.87,142.68,2646.47,5335.2,2711.53,3361.61,2762.51,1906.39,1
841,871.01,0.144,29,35,0.753,0.0,4.0,197.51,745.42,814.16,782.8,870.5,888.02,833.72,1
842,679.09,0.429,18,27,0.456,0.133,3.57,80.56,642.34,1080.02,718.51,304.94,419.05,1199.15,0
843,2094.76,0.159,22,27,0.818,0.048,4.45,96.2,2088.98,2276.42,1945.92,1951.12,2512.17,2921.13,1
844,2618.24,0.201,23,22,0.725,0.131,3.57,548.06,2337.42,2675.21,2620.77,2656.31,2643.5,2257.15,1
845,789.08,0.574,25,11,0.144,0.248,3.46,137.91,1624.51,1455.57,283.5,1431.94,1266.35,523.43,1
846,856.32,0.477,18,9,0.372,0.249,3.75,250.31,973.27,203.14,518.14,1138.82,793.67,1078.34,0
847,962.87,0.178,27,22,0.738,0.111,4.6,187.31,807.75,1035.92,1313.5,1215.82,1159.07,929.0,0
848,4328.67,0.226,20,25,0.691,0.07,4.48,1048.76,2921.81,3628.54,3647.08,2955.58,2741.9,4160.63,1
849,1025.87,0.351,19,20,0.428,0.16,4.26,226.42,1171.82,868.98,267.88,897.7,1034.68,1254.34,1
850,1224.42,0.441,18,20,0.319,0.173,3.45,320.4,724.28,963.71,1409.1,2343.84,1515.68,2690.19,1
851,1121.84,0.51,15,18,0.278,0.225,3.09,122.38,2353.49,570.37,716.76,696.74,968.3,1868.27,1
852,3141.79,0.196,21,36,0.751,0.085,4.92,615.42,3405.47,2123.54,3292.04,2671.71,3363.31,4293.46,1
853,825.05,0.467,23,19,0.508,0.112,3.02,139.22,1040.69,974.77,790.58,720.41,956.96,114.92,1
854,3156.86,0.185,19,30,0.794,0.072,3.58,733.32,3301.76,3118.48,3477.26,4332.75,3767.98,3783.1,1
855,806.21,0.204,23,21,0.685,0.122,4.35,161.62,991.07,756.67,789.79,695.53,908.65,649.65,0
856,3687.26,0.243,25,29,0.58,0.075,4.78,482.58,1538.31,4368.34,3484.02,4187.4,4039.77,5191.26,1
857,475.83,0.317,17,22,0.503,0.16,3.92,72.79,294.45,543.95,648.86,534.92,608.4,680.43,1
858,1583.86,0.332,25,23,0.481,0.071,4.28,493.98,2128.17,1443.42,416.37,568.83,871.7,1901.67,1
859,4691.97,0.118,23,35,0.731,0.142,3.39,208.57,5520.42,6376.35,3960.18,4683.31,4276.57,4281.83,1
860,1869.74,0.417,18,9,0.386,0.2,3.35,442.66,907.47,2662.75,1227.0,1439.02,790.64,1492.85,1
861,1974.08,0.109,16,30,0.928,0.119,3.63,551.39,1583.1,2499.68,1610.14,2119.83,2092.02,1887.46,1
862,957.17,0.155,22,34,1.0,0.0,4.63,216.61,982.01,895.63,886.08,1215.06,1018.53,1070.22,1
863,620.17,0.649,17,3,0.079,0.307,2.44,209.42,815.59,720.69,387.44,481.46,1177.87,782.77,1
864,3116.24,0.519,25,20,0.405,0.216,2.87,794.89,3354.6,1113.58,4692.62,2558.93,3684.99,5412.86,1
865,1999.64,0.368,22,28,0.58,0.116,3.99,421.38,1955.73,1756.3,1934.64,3853.59,1534.5,3185.74,1
866,3301.69,0.204,27,21,0.854,0.038,4.58,471.02,2056.37,2908.99,3158.45,2823.2,3391.8,2733.21,1
867,1007.27,0.444,13,13,0.207,0.164,3.29,213.76,839.48,2347.57,837.32,406.37,168.15,1219.89,0
868,1397.56,0.27,22,25,0.62,0.048,4.29,327.77,1312.42,1136.58,1001.09,1916.72,1243.71,1572.06,1
869,2212.87,0.419,23,16,0.307,0.156,3.73,398.94,1704.31,1995.78,3039.19,2165.9,35.65,2124.73,1
870,1557.65,0.32,17,29,0.565,0.066,3.76,187.81,602.18,833.77,2160.22,1698.73,1721.24,2026.61,1
871,1420.78,0.352,24,20,0.456,0.236,3.32,118.87,1713.08,1687.58,814.84,2536.27,1281.17,1666.21,1
872,556.0,0.464,21,14,0.231,0.137,3.69,108.33,779.58,323.51,974.38,193.67,521.83,407.61,1
873,2750.19,0.27,22,30,0.612,0.124,4.11,169.34,2161.05,3431.19,2252.73,2605.27,2059.52,2644.82,1
874,1641.24,0.347,18,25,0.328,0.21,3.97,233.51,1535.33,622.82,1212.69,937.2,1260.33,1442.36,1
875,700.01,0.47,14,14,0.127,0.256,3.5,0.0,536.57,660.01,855.52,810.26,927.83,460.71,1
876,2378.7,0.631,23,4,0.0,0.292,2.64,586.69,1647.67,0.0,3222.06,1548.92,223.87,2250.68,1
877,1942.93,0.229,24,27,0.61,0.165,4.22,529.11,2162.56,1724.48,1911.19,1420.57,2168.13,1365.35,1
878,1706.21,0.317,21,16,0.432,0.14,3.77,317.89,1985.64,1551.07,1519.16,2101.74,1268.03,1962.17,1
879,2404.08,0.324,19,22,0.545,0.138,3.65,784.97,3242.2,1936.94,3318.3,2412.13,1093.21,3499.03,1
880,1630.45,0.486,17,8,0.27,0.188,3.22,469.23,2465.57,1234.09,1136.56,638.67,2602.19,1670.44,1
881,1722.36,0.336,21,24,0.542,0.2,3.47,376.13,1622.83,2284.94,1682.52,1032.8,2492.33,2270.61,1
882,1340.57,0.343,22,18,0.464,0.259,4.13,229.16,2645.67,2339.08,2118.36,1436.0,1092.85,1411.9,1
883,4510.12,0.444,22,18,0.253,0.147,2.97,685.76,7615.42,5189.92,1831.31,1162.77,3409.66,2462.36,1
884,1076.01,0.112,20,26,0.798,0.0,3.87,242.1,996.44,972.03,1020.56,1103.51,1045.68,1318.66,1
885,1990.18,0.294,15,24,0.652,0.135,3.77,335.75,2064.31,2027.7,2590.52,2774.65,1515.78,571.54,1
886,1309.62,0.386,20,22,0.532,0.191,4.34,293.17,306.98,1130.75,1576.2,1646.41,989.59,1314.82,1
887,1594.88,0.267,14,17,0.604,0.217,4.28,366.5,1606.47,1972.97,1974.94,1329.9,1786.21,1268.16,1
888,3635.59,0.174,22,23,0.9,0.082,3.55,587.63,4694.49,3817.71,2798.64,3809.16,4947.68,4636.28,1
889,1390.66,0.155,21,26,0.928,0.108,4.73,372.23,1988.26,1051.65,1459.66,1121.74,1314.45,1437.06,1
890,2560.14,0.202,24,30,0.714,0.175,4.67,414.01,2497.35,3128.52,2412.49,2630.69,3089.78,3883.06,1
891,1583.2,0.548,25,12,0.324,0.262,2.84,287.68,1873.96,2422.64,3556.19,1299.42,1889.59,1614.46,1
892,586.49,0.502,10,16,0.217,0.26,2.35,59.7,764.62,1026.45,824.68,280.64,94.39,362.6,0
893,2928.39,0.559,26,15,0.279,0.136,3.27,463.71,6168.61,2083.12,2891.86,3949.24,2888.39,129.16,1
894,2270.0,0.316,20,17,0.653,0.106,4.34,800.53,1565.44,2485.72,2474.92,852.62,2162.44,3063.19,1
895,1359.84,0.239,24,31,0.572,0.142,4.73,146.82,2223.78,974.38,1377.5,974.04,1836.31,1088.26,1
896,2175.75,0.404,14,17,0.354,0.177,3.3,467.82,1897.34,2130.76,2789.54,1240.1,3497.38,1807.13,0
897,865.67,0.457,23,22,0.279,0.198,4.27,124.35,403.03,1022.62,527.11,666.08,1014.64,1351.22,1
898,1273.7,0.419,19,24,0.262,0.283,2.72,3.68,1105.54,934.43,2001.92,1966.78,1921.39,1835.57,1
899,844.02,0.466,17,7,0.293,0.159,3.19,189.67,525.25,978.81,322.43,1141.0,786.39,603.99,1
900,2371.52,0.093,16,34,1.0,0.06,4.17,321.37,2463.86,2408.52,2416.68,2394.72,2618.04,2271.54,1
901,976.58,0.396,19,17,0.392,0.188,4.08,200.71,337.81,802.69,657.94,999.07,1015.37,297.73,1
902,2957.66,0.195,26,26,0.822,0.022,4.65,766.56,3039.54,3765.5,2982.42,2950.87,3592.2,1769.43,1
903,2656.17,0.122,23,35,1.0,0.0,4.73,527.96,2871.68,2580.07,2976.86,3101.43,3045.47,2904.05,1
904,1632.69,0.125,28,23,0.852,0.0,3.71,336.76,1934.82,1659.76,1283.79,1262.74,1778.67,1810.78,1
905,3841.93,0.563,22,15,0.244,0.233,3.71,424.78,5313.2,670.93,3475.57,5509.81,2238.84,4614.11,1
906,805.69,0.37,17,19,0.442,0.156,3.9,190.58,1229.14,960.38,376.72,654.27,680.39,861.47,1
907,750.02,0.312,27,21,0.606,0.077,3.18,123.62,608.27,638.4,684.63,867.73,926.07,584.75,1
908,2928.45,0.169,23,24,0.839,0.0,3.33,58.94,3122.99,3400.87,2216.58,3179.05,3369.4,3653.02,1
909,390.82,0.311,20,18,0.552,0.154,4.19,96.21,120.24,231.68,410.46,479.82,410.05,174.28,0
910,3091.97,0.43,19,16,0.395,0.163,3.47,836.81,2940.5,3664.29,2525.66,5196.36,2676.99,2469.42,1
911,1439.53,0.392,20,23,0.427,0.128,3.13,429.69,1657.95,207.24,1861.46,665.25,1547.62,1530.29,1
912,255.01,0.626,5,7,0.0,0.222,2.97,90.19,331.22,353.36,451.21,415.58,210.54,254.95,1
913,837.23,0.344,20,19,0.665,0.092,4.04,202.51,384.44,786.95,840.29,818.86,758.73,836.64,1
914,514.71,0.235,16,22,0.582,0.148,3.99,113.81,467.44,563.1,623.0,458.87,752.22,451.79,0
915,2042.29,0.364,26,28,0.521,0.123,3.09,545.95,1855.66,1595.6,3071.23,3555.98,1688.4,2444.88,1
916,895.53,0.24,29,22,0.784,0.014,4.84,97.65,803.28,691.44,697.29,1046.44,1004.7,634.23,1
917,1858.89,0.428,22,16,0.27,0.2,3.94,85.96,2435.66,1513.23,3000.48,1526.99,1980.55,1744.33,1
918,1359.04,0.226,21,28,0.685,0.151,3.97,192.77,1292.39,1418.06,1347.68,1653.31,982.0,1491.8,1
919,923.27,0.328,16,19,0.642,0.111,3.59,260.53,953.34,1097.85,627.01,909.32,541.43,822.58,1
920,1554.38,0.401,16,19,0.344,0.187,3.67,197.58,1248.91,1743.94,1740.59,1284.31,1503.77,1557.37,1
921,2176.37,0.455,26,14,0.234,0.195,3.05,472.81,3230.18,1249.3,2105.02,1576.55,243.87,2389.66,1
922,3005.54,0.227,19,25,0.757,0.036,4.17,678.84,3782.96,4259.59,2045.38,3213.38,4254.62,1803.94,1
923,726.07,0.308,11,19,0.467,0.107,3.26,144.88,657.05,800.58,479.59,588.65,645.12,352.83,1
924,1511.48,0.374,24,17,0.312,0.109,3.67,117.58,3124.18,1159.39,2437.78,1599.42,1260.75,1587.25,0
925,1225.33,0.288,27,18,0.656,0.165,3.45,254.15,955.02,1374.93,1323.57,1538.15,1656.66,1010.77,1
926,1740.8,0.375,26,17,0.349,0.206,3.19,254.64,2399.0,1908.09,2709.14,1813.02,1648.85,1382.68,0
927,991.38,0.325,24,24,0.541,0.139,4.43,313.5,684.82,934.86,857.1,1628.52,1201.25,1174.8,1
928,1561.37,0.175,28,36,0.737,0.101,4.23,423.05,1772.99,1481.21,1341.92,1564.98,1404.62,1290.67,1
929,890.42,0.47,18,16,0.305,0.211,3.46,132.76,1181.43,1302.8,185.6,1455.28,909.45,0.0,0
930,1057.42,0.462,10,15,0.299,0.159,2.62,339.7,563.64,1900.68,1529.83,1533.89,1530.07,1866.11,1
931,1783.27,0.185,23,32,0.595,0.105,3.96,370.02,1740.3,1113.4,1918.38,2285.12,1499.72,2181.33,1
932,2441.66,0.217,25,30,0.751,0.058,4.27,112.97,3430.7,3093.27,2225.85,3485.96,2721.12,3075.61,1
933,1176.27,0.396,18,16,0.376,0.301,3.68,204.36,797.04,1185.55,807.12,356.0,50.88,654.33,0
934,863.64,0.409,18,12,0.47,0.204,2.67,268.44,1005.63,947.27,1261.79,957.33,1310.78,836.28,0
935,1189.0,0.42,14,14,0.365,0.187,3.58,136.04,1356.38,1863.35,1100.56,1133.19,911.4,556.18,1
936,862.23,0.207,18,35,0.793,0.14,4.24,150.49,854.69,388.92,832.54,882.1,846.96,851.54,1
937,2184.17,0.475,26,12,0.336,0.248,4.1,155.54,388.04,3029.55,1560.84,1771.85,2082.54,1823.09,1
938,1254.28,0.474,26,21,0.259,0.136,3.22,105.25,1746.64,2016.33,1012.18,931.37,675.04,613.72,1
939,1966.22,0.158,23,20,0.751,0.071,3.23,222.7,1969.82,1752.31,2137.1,1624.65,1639.54,2122.55,1
940,1264.38,0.553,18,15,0.169,0.227,2.9,103.44,2035.76,290.26,274.55,1332.43,1628.7,1083.56,1
941,3219.06,0.341,16,15,0.585,0.154,3.28,420.21,3473.13,5016.85,3307.57,4242.98,3842.1,5107.59,1
942,2414.41,0.169,26,43,0.79,0.061,4.5,770.35,2440.64,1699.67,2803.26,2213.5,2054.16,2449.31,1
943,1996.86,0.244,29,24,0.549,0.128,2.88,353.67,2178.5,2200.98,1955.53,1836.69,2260.67,754.56,0
944,1135.69,0.126,19,32,0.908,0.02,4.28,275.79,994.05,1282.44,1286.9,1035.57,1215.71,875.77,1
945,2286.48,0.342,21,24,0.533,0.189,4.25,611.24,3506.23,2596.96,3335.96,1508.07,1990.4,3927.03,1
946,1256.56,0.367,22,27,0.474,0.079,3.73,114.76,1083.52,1516.83,1673.07,1147.71,660.33,1091.07,1
947,556.17,0.374,21,24,0.408,0.147,4.0,63.11,480.77,501.06,444.45,627.55,548.36,606.08,1
948,1573.64,0.32,27,21,0.672,0.01,3.22,379.67,2224.2,1806.58,1555.8,2206.6,1757.43,1578.54,1
949,2043.03,0.326,29,30,0.481,0.098,3.19,264.08,2207.99,1570.53,2273.64,1247.97,2003.77,2987.62,1
950,909.95,0.325,20,27,0.425,0.18,4.48,214.72,839.94,738.53,770.86,900.95,734.51,345.31,1
951,1221.31,0.475,21,18,0.259,0.222,3.53,383.72,1461.51,1241.94,929.28,1905.16,1492.36,1992.88,0
952,1525.24,0.252,22,24,0.648,0.092,3.98,96.96,1765.91,933.22,1308.66,1072.01,2011.71,2009.81,1
953,1542.11,0.291,20,30,0.724,0.145,3.67,233.55,1489.0,1801.09,2683.67,2110.76,1196.4,1544.88,1
954,3100.45,0.343,21,22,0.414,0.234,3.85,508.9,4082.58,458.86,2811.78,2633.03,2783.12,3540.53,1
955,600.18,0.432,21,8,0.418,0.162,3.05,82.76,271.03,694.17,877.03,784.46,1310.82,504.18,1
956,6320.81,0.148,24,37,0.861,0.067,4.75,830.31,6565.01,6746.96,5509.88,6117.41,6592.12,4748.9,1
957,1526.99,0.216,19,34,0.786,0.051,5.0,214.74,1790.77,1265.1,2087.92,1678.2,1109.43,1718.26,1
958,2198.75,0.254,20,27,0.722,0.121,4.23,393.09,2546.64,1508.37,1986.95,3098.98,1931.55,2336.71,1
959,1087.63,0.546,15,17,0.094,0.187,3.04,210.12,0.0,845.1,1119.11,1015.49,637.87,1246.49,1
960,470.51,0.346,17,20,0.579,0.215,2.82,120.58,449.9,574.64,172.17,632.72,532.43,549.02,0
961,894.22,0.263,23,33,0.762,0.137,3.36,159.16,609.2,975.38,1156.37,958.7,966.47,752.34,1
962,949.98,0.408,20,18,0.453,0.097,4.16,255.98,1447.81,519.61,1466.19,645.64,703.54,1528.15,1
963,2450.24,0.515,22,10,0.388,0.134,3.08,325.04,1957.02,2583.66,951.32,2266.44,4793.81,2460.5,1
964,637.35,0.297,18,21,0.728,0.109,3.88,53.47,859.46,686.88,859.48,598.0,653.44,739.78,0
965,824.6,0.332,18,25,0.431,0.145,4.12,128.32,491.67,884.67,458.78,438.39,699.93,750.16,1
966,1678.45,0.411,25,22,0.398,0.198,4.19,364.22,1948.17,997.28,2114.86,1995.39,835.35,2403.57,1
967,1757.75,0.387,19,19,0.365,0.161,3.58,437.4,1763.15,1863.6,1561.99,2205.04,1149.5,1828.45,0
968,1367.58,0.544,17,16,0.263,0.28,3.08,405.92,3423.54,2050.22,2361.51,1971.85,440.78,1304.27,1
969,857.62,0.268,21,27,0.717,0.091,3.97,174.28,1128.38,981.05,914.9,1186.27,813.82,1135.14,1
970,840.1,0.022,29,36,0.861,0.176,4.16,201.83,860.59,847.67,857.23,857.64,823.83,808.42,1
971,2387.91,0.343,26,27,0.585,0.154,3.65,691.31,4048.37,3733.01,3401.44,1894.13,3029.87,2158.62,1
972,4178.92,0.305,26,17,0.653,0.039,4.11,491.69,4540.92,4392.97,3807.64,3681.13,3433.35,3397.36,1
973,1121.63,0.321,20,20,0.536,0.24,3.77,183.04,1085.78,818.32,1111.22,1423.81,1424.33,1256.33,1
974,549.74,0.48,15,19,0.193,0.277,4.34,220.82,493.35,328.22,256.26,652.67,679.54,633.15,0
975,1266.75,0.382,27,24,0.27,0.222,3.85,314.8,1425.34,1351.9,1121.6,1258.12,1579.03,1261.04,1
976,1886.58,0.372,23,23,0.457,0.188,4.14,416.66,0.0,878.11,3238.46,1272.94,2515.67,1385.69,1
977,1444.96,0.202,21,30,0.569,0.068,3.73,363.4,1445.64,1354.23,1665.45,1290.13,2026.48,1437.95,1
978,3321.42,0.396,24,18,0.348,0.093,3.71,242.95,3619.9,3932.32,1946.61,4088.46,2204.04,3747.0,0
979,2737.96,0.221,20,32,0.762,0.078,3.78,351.15,2643.61,3446.97,3725.63,1556.93,3250.12,2629.94,1
980,1618.58,0.436,24,18,0.46,0.224,3.7,160.27,538.42,529.18,1893.04,0.0,1899.47,2400.02,0
981,582.74,0.255,28,21,0.613,0.137,4.27,124.41,560.49,597.45,706.04,685.69,740.62,673.61,0
982,620.35,0.491,13,11,0.21,0.303,3.32,93.35,153.39,599.57,769.7,457.92,654.08,626.14,0
983,1213.8,0.281,24,27,0.69,0.163,4.92,227.75,1817.75,1226.57,1356.73,1373.34,1614.22,415.01,1
984,903.27,0.437,22,15,0.315,0.192,4.18,140.11,801.8,959.09,115.57,1524.96,393.99,817.19,1
985,1533.07,0.572,27,14,0.224,0.273,3.7,76.48,0.0,1505.31,2503.25,645.18,652.85,2085.31,1
986,1227.36,0.457,15,22,0.332,0.263,3.77,307.82,1111.46,2008.71,0.0,290.34,907.91,1070.58,0
987,627.02,0.388,26,23,0.522,0.135,4.56,24.47,845.06,929.95,874.43,559.71,608.82,700.87,1
988,2474.96,0.262,21,33,0.612,0.106,3.33,301.42,2589.01,3863.19,2539.45,2031.41,2504.99,2329.5,1
989,846.9,0.591,11,9,0.126,0.245,3.75,63.32,389.74,841.62,1264.86,834.22,476.7,963.21,1
990,1904.13,0.29,21,25,0.675,0.0,3.52,208.73,1529.87,1677.51,1991.53,2201.01,1357.37,2677.2,1
991,2061.28,0.45,19,23,0.406,0.183,3.43,404.32,1795.46,1164.46,3028.51,2364.02,1454.02,2790.34,0
992,664.87,0.468,14,16,0.341,0.221,3.71,185.37,528.1,503.28,669.9,679.26,133.12,261.83,1
993,2629.5,0.474,19,11,0.274,0.209,3.98,144.94,1059.68,3520.08,2979.62,3948.3,2270.39,563.08,1
994,1571.03,0.295,25,23,0.541,0.152,3.46,212.75,1539.67,1973.98,1758.82,1882.2,1543.94,1776.36,1
995,3382.49,0.351,20,19,0.458,0.153,3.46,135.56,1797.09,4185.46,5615.61,3166.86,3906.74,4770.7,1
996,648.68,0.445,16,16,0.226,0.114,3.49,85.34,922.75,456.79,822.03,832.13,696.87,169.1,1
997,2972.74,0.402,18,15,0.464,0.237,3.52,552.19,4252.69,2185.16,1399.13,1125.77,5115.81,2722.03,1
998,740.39,0.454,19,16,0.422,0.146,3.9,178.71,403.17,1398.05,550.81,1097.97,1013.47,1538.15,1
999,6135.14,0.418,20,27,0.337,0.155,4.97,64.51,4297.85,4002.12,7668.27,6192.03,8025.42,5446.42,1
1000,671.95,0.54,21,11,0.19,0.29,3.43,150.55,518.49,1185.84,1128.96,236.36,804.25,1588.29,1
1001,1925.89,0.618,17,11,0.061,0.304,2.89,196.8,1888.4,2407.23,1066.7,1430.21,2563.26,946.04,1
1002,826.92,0.386,13,14,0.212,0.231,2.99,68.39,908.99,592.85,1542.57,1158.42,756.4,620.23,1
1003,2393.52,0.193,20,20,0.649,0.146,3.92,443.76,2607.37,1846.49,2474.62,2038.99,2439.52,2068.87,1
1004,1414.62,0.274,21,17,0.498,0.088,3.38,325.6,1584.85,1147.91,1577.44,1573.58,2158.54,919.39,1
1005,872.51,0.338,25,21,0.622,0.11,4.06,150.04,1330.46,995.59,502.91,1131.5,851.86,374.04,1
1006,292.5,0.376,25,15,0.464,0.219,3.86,27.07,299.13,192.51,415.11,295.18,146.1,268.18,0
1007,8038.41,0.343,28,25,0.632,0.078,3.65,1381.98,4446.42,12325.18,6809.03,5654.03,9960.08,8437.92,1
1008,1298.99,0.446,19,18,0.255,0.156,4.29,158.46,365.96,1178.47,866.51,1261.94,1806.45,883.39,1
1009,226.51,0.474,21,18,0.314,0.195,3.22,51.72,402.17,301.73,192.45,75.16,243.1,175.37,0
1010,1389.04,0.353,14,26,0.619,0.12,3.68,369.52,1639.25,1693.28,2067.9,1149.14,466.88,2098.98,0
1011,3042.26,0.12,26,42,0.749,0.115,4.61,793.78,3117.76,3635.38,3212.58,2637.36,3512.77,3397.62,1
1012,634.69,0.506,13,10,0.218,0.147,3.74,113.24,778.76,494.15,349.4,619.63,708.46,551.68,1
1013,793.69,0.454,18,20,0.258,0.078,4.03,214.15,851.4,831.89,602.69,336.6,681.96,948.49,1
1014,1703.77,0.452,30,18,0.398,0.217,3.79,167.52,2037.65,623.65,2790.19,1768.07,2619.47,442.5,1
1015,4005.74,0.07,25,39,0.851,0.003,4.75,1292.37,3901.5,4034.6,3939.61,4322.71,3439.27,4081.18,1
1016,1366.45,0.348,17,16,0.548,0.102,3.48,133.74,1867.92,1908.22,1632.78,1934.67,1419.61,1336.79,1
1017,3440.82,0.369,21,18,0.498,0.036,4.08,60.53,2774.11,3719.61,4463.56,1858.8,2753.88,2965.54,1
1018,2404.29,0.409,17,15,0.3,0.246,3.97,695.41,1516.43,4677.49,0.0,1749.57,3870.97,2436.54,1
1019,672.64,0.626,11,5,0.0,0.288,3.63,82.86,0.0,891.55,1205.21,1031.83,774.95,618.37,0
1020,790.14,0.201,30,26,0.721,0.105,3.41,149.6,752.3,704.13,654.48,902.2,652.52,581.05,1
1021,1047.86,0.584,21,15,0.246,0.224,2.92,102.2,1823.01,1326.59,827.34,671.63,1743.96,2075.14,1
1022,1969.86,0.356,21,23,0.68,0.0,4.06,727.05,1648.74,942.38,3050.64,1628.3,243.32,2637.44,1
1023,1041.64,0.607,15,16,0.25,0.158,2.23,339.31,170.29,536.62,1956.22,1093.64,1362.68,796.52,1
1024,2353.63,0.244,21,31,0.623,0.092,4.25,714.85,2516.89,1656.02,2636.1,1302.75,1629.49,1344.44,1
1025,3002.6,0.276,27,20,0.601,0.082,4.34,561.69,2462.41,3015.96,3606.98,3438.46,2618.92,964.64,1
1026,1460.19,0.586,18,12,0.148,0.219,2.97,377.4,2785.65,1408.38,2297.42,2387.4,1254.15,3176.41,0
1027,642.47,0.466,6,15,0.271,0.215,3.3,112.92,964.19,1003.26,1070.63,525.97,914.95,590.48,1
1028,2519.66,0.369,30,26,0.573,0.177,3.37,679.74,1338.14,2427.55,3967.54,1200.25,4568.1,3228.98,1
1029,3570.3,0.591,16,9,0.0,0.196,2.85,525.37,3203.35,1454.79,3797.58,6551.2,0.0,1568.3,1
1030,400.25,0.559,17,10,0.105,0.243,2.89,122.79,231.13,749.42,235.14,449.39,500.19,331.42,0
1031,2025.54,0.4,24,20,0.396,0.207,3.38,289.92,1084.79,0.0,1818.7,2600.25,3810.93,1817.75,1
1032,4925.93,0.294,23,30,0.627,0.067,3.66,749.81,4845.01,4981.58,5109.95,3014.6,4097.05,5275.26,1
1033,757.31,0.355,23,22,0.622,0.105,3.65,108.05,977.57,815.89,743.02,402.65,586.37,781.5,0
1034,3012.51,0.215,21,33,0.658,0.129,4.03,588.63,2959.67,3005.86,2357.95,3280.3,3165.09,2416.12,1
1035,2360.3,0.376,15,26,0.504,0.144,4.47,351.55,1901.91,2804.44,2748.22,3272.89,3096.4,1531.98,1
1036,579.12,0.338,21,14,0.509,0.176,3.51,126.82,147.12,600.79,272.14,358.01,707.88,563.15,1
1037,2965.06,0.228,28,31,0.731,0.092,4.21,419.62,2514.62,3303.1,3022.83,2896.19,2722.39,1778.22,1
1038,830.63,0.567,14,9,0.074,0.236,3.07,202.06,1090.71,546.8,901.1,82.55,452.38,442.7,1
1039,1420.39,0.27,19,25,0.75,0.024,3.73,428.2,905.56,860.63,1464.6,1151.24,1925.31,1361.26,1
1040,1522.68,0.205,27,21,0.659,0.118,3.33,283.53,1923.82,1508.18,1788.91,1442.29,1280.42,1647.0,1
1041,2852.1,0.364,18,18,0.417,0.171,3.06,1019.53,2245.57,1785.31,3598.9,3360.09,860.75,4414.52,1
1042,901.09,0.588,15,4,0.107,0.194,2.71,243.48,1003.71,515.2,2078.43,0.0,131.24,648.72,0
1043,656.75,0.686,14,11,0.0,0.299,3.12,230.56,476.98,1179.88,423.58,1251.46,397.26,673.02,0
1044,906.97,0.409,18,14,0.209,0.281,3.89,158.81,471.12,1484.25,1010.47,843.78,1459.99,215.06,1
1045,825.36,0.435,12,11,0.39,0.139,2.85,38.86,983.34,1235.37,902.59,1289.8,398.97,945.5,0
1046,660.05,0.344,17,20,0.416,0.13,3.48,81.52,524.41,877.18,698.19,818.51,1005.22,453.8,0
1047,1019.01,0.408,20,14,0.482,0.111,3.1,134.17,672.72,1043.93,493.22,1373.3,1562.24,890.88,1
1048,1317.39,0.48,19,11,0.354,0.098,3.36,136.69,0.0,1959.39,569.15,2594.7,1459.79,1618.26,1
1049,1727.64,0.467,23,11,0.423,0.264,3.87,7.48,2779.14,2014.69,1732.86,1096.74,0.0,2145.5,1
1050,2709.77,0.546,24,9,0.188,0.201,3.13,709.88,2718.87,5591.08,378.23,2910.16,957.95,558.95,1
1051,1435.09,0.59,23,12,0.092,0.204,3.22,44.77,2372.26,657.54,1152.05,596.05,898.55,2114.28,0
1052,1214.26,0.313,24,28,0.436,0.105,4.41,308.8,1449.83,1469.74,968.31,1175.44,1871.64,1199.5,1
1053,917.58,0.165,22,25,0.916,0.022,4.29,325.6,1085.6,725.59,872.33,1026.93,831.15,1110.01,1
1054,1240.81,0.545,15,18,0.3,0.16,3.07,146.09,859.63,1699.16,2005.91,2002.53,718.56,2228.41,1
1055,1512.53,0.275,22,30,0.611,0.189,4.06,319.15,941.76,797.6,1064.08,1353.56,1590.85,2180.49,1
1056,1272.5,0.45,21,17,0.497,0.083,3.21,188.47,1709.0,577.97,1770.3,582.98,465.8,457.28,1
1057,2193.49,0.179,26,18,0.859,0.0,4.29,539.96,2244.61,1689.88,1969.18,2222.27,2183.82,2351.45,1
1058,2356.07,0.269,24,18,0.575,0.154,4.23,198.96,2060.05,2516.11,2072.5,1815.17,1849.2,1354.84,1
1059,1696.34,0.384,20,24,0.486,0.143,3.27,287.46,2179.52,1926.98,1999.21,1320.39,3444.89,2543.01,1
1060,1052.67,0.535,20,10,0.175,0.215,3.35,283.9,1226.18,2432.58,898.29,1430.94,535.94,1865.68,0
1061,761.66,0.542,22,6,0.099,0.273,3.23,134.12,1025.43,723.98,393.24,962.14,1558.37,1165.42,1
1062,1021.86,0.356,23,16,0.43,0.169,3.87,50.8,650.44,1302.5,887.34,1324.9,607.66,867.61,0
1063,1819.02,0.494,17,15,0.282,0.197,3.67,508.11,2696.84,1963.47,223.73,1516.22,2054.97,2307.71,1
1064,1182.07,0.191,19,28,0.601,0.05,4.26,90.22,1181.02,1337.97,1268.34,1410.41,1295.3,1057.09,1
1065,501.38,0.429,15,18,0.399,0.087,3.44,93.41,734.52,532.25,0.0,504.46,531.84,504.34,1
1066,2802.43,0.281,18,18,0.691,0.062,4.27,635.06,3565.47,3668.99,3502.24,2578.5,2865.79,2729.77,1
1067,875.82,0.321,22,35,0.598,0.066,3.5,166.05,1068.99,579.54,1048.99,566.55,1118.29,313.37,0
1068,1919.77,0.138,25,29,0.803,0.083,3.69,735.26,1890.38,1272.46,2343.32,1367.02,2030.15,1705.67,1
1069,1386.52,0.436,13,14,0.295,0.106,2.24,330.97,1815.56,1638.9,2705.9,440.9,1281.98,2759.58,1
1070,1319.5,0.33,18,24,0.553,0.109,3.7,216.15,1802.68,534.31,1726.55,1413.22,1026.13,1281.79,0
1071,336.56,0.324,21,21,0.458,0.147,3.5,76.81,402.8,479.76,268.07,237.49,318.47,354.05,1
1072,1430.17,0.369,15,15,0.406,0.167,3.74,281.45,1537.17,1140.68,2577.61,561.24,1336.11,1425.59,1
1073,3108.68,0.389,21,16,0.445,0.179,2.88,570.6,3968.87,1854.07,1665.93,2601.9,2869.7,2612.6,1
1074,1889.33,0.434,17,16,0.436,0.145,3.26,376.93,1458.18,4104.13,328.85,2118.79,1951.82,1918.94,1
1075,386.36,0.31,18,30,0.529,0.104,4.05,56.13,567.64,384.15,608.17,436.06,217.61,337.63,0
1076,5304.88,0.276,21,29,0.502,0.207,3.4,1045.23,2846.82,4997.8,6184.09,5262.69,3803.03,1968.26,1
1077,698.92,0.325,22,24,0.476,0.135,4.03,97.54,706.73,868.68,273.18,685.11,887.7,877.36,1
1078,925.72,0.098,21,30,0.941,0.106,4.14,26.2,889.08,999.33,803.38,877.12,722.59,1071.3,1
1079,2372.46,0.297,20,21,0.566,0.112,3.89,643.45,1921.58,3173.84,2760.29,2818.41,3214.58,1553.44,1
1080,1551.47,0.443,19,12,0.183,0.223,3.62,209.08,1761.04,636.18,954.11,1430.06,1167.69,1267.99,1
1081,1267.77,0.347,16,25,0.382,0.168,4.05,242.54,773.22,1503.34,948.69,1234.22,2001.35,1926.86,1
1082,589.67,0.53,10,9,0.223,0.226,3.31,70.27,1262.53,497.99,1204.53,914.18,973.08,348.47,1
1083,2211.95,0.483,12,21,0.259,0.184,3.2,268.93,768.13,1228.45,4505.85,3057.56,1862.34,2625.96,0
1084,1769.8,0.126,22,34,0.818,0.07,4.17,171.46,1557.6,1780.54,1802.54,1728.56,1719.9,2735.04,1
1085,515.73,0.289,16,20,0.679,0.177,4.17,131.96,359.66,245.4,493.27,466.92,753.53,610.1,1
1086,2515.94,0.395,17,12,0.365,0.231,3.16,692.33,2713.43,3434.15,3413.78,2182.82,3782.67,2584.42,1
1087,2503.79,0.082,30,28,0.967,0.081,4.26,455.88,2712.99,2443.86,2387.99,2087.02,2704.37,2685.6,1
1088,1669.71,0.558,11,11,0.138,0.168,3.1,228.86,2160.16,1224.48,0.0,2692.46,2736.56,2393.95,1
1089,1828.58,0.396,18,16,0.458,0.096,3.65,81.47,2894.4,1728.92,0.0,1332.86,1041.34,1349.18,0
1090,8857.48,0.174,30,28,0.816,0.077,3.8,2157.99,7582.01,8599.21,8744.01,10175.13,9174.01,6180.24,1
1091,1481.62,0.25,24,32,0.864,0.093,3.39,186.5,1725.2,1903.42,1807.72,1497.0,1196.76,1701.24,1
1092,1084.14,0.482,16,19,0.35,0.156,3.58,98.24,925.53,511.57,1092.51,1811.37,502.42,1472.85,1
1093,1759.78,0.479,17,10,0.387,0.138,3.83,320.88,1951.88,1437.88,2441.96,2205.73,1897.82,1509.21,1
1094,1091.5,0.375,20,20,0.323,0.259,2.84,167.29,1545.9,1002.74,1464.4,1465.34,921.88,1765.79,1
1095,2524.45,0.416,26,21,0.322,0.224,3.75,147.82,748.53,1406.64,3979.0,1903.11,2349.99,4040.6,1
1096,246.18,0.333,19,18,0.663,0.157,4.34,17.12,409.4,259.24,261.45,140.81,205.19,309.68,1
1097,1014.04,0.453,15,18,0.387,0.151,3.65,209.83,947.35,681.67,1140.71,1081.77,438.04,886.11,1
1098,986.07,0.45,13,13,0.468,0.127,3.4,125.77,272.45,362.32,969.72,134.51,1739.74,57.33,1
1099,1178.08,0.463,19,16,0.385,0.221,3.2,260.14,800.35,1464.97,1037.2,922.96,1263.03,1083.02,1
1100,739.73,0.288,15,26,0.628,0.1,3.89,141.82,761.5,1069.02,405.18,486.6,432.81,348.96,1
1101,2089.48,0.427,17,22,0.455,0.126,3.69,551.21,1471.29,2132.67,3134.83,1340.54,2251.79,0.0,1
1102,836.66,0.465,15,16,0.4,0.124,3.62,94.9,40.3,796.49,687.42,1068.3,1428.28,1088.32,0
1103,2223.57,0.173,27,30,0.823,0.039,4.14,441.64,2260.72,2175.81,2054.32,2426.96,2591.5,2673.46,1
1104,972.77,0.567,15,12,0.186,0.267,2.83,224.77,575.0,688.42,674.28,883.51,686.89,0.0,1
1105,1614.55,0.435,19,12,0.207,0.143,3.57,209.73,2071.46,2435.62,673.98,1839.1,1267.4,1434.53,0
1106,2827.57,0.338,14,22,0.496,0.178,4.01,763.94,1807.72,2917.35,2745.92,2311.45,1913.97,2810.88,1
1107,1276.08,0.525,18,10,0.179,0.19,3.43,59.59,2789.81,0.0,1621.74,2900.34,779.25,1080.36,1
1108,1834.25,0.366,14,20,0.279,0.19,3.66,207.94,2178.88,2638.71,1361.02,2036.1,1390.82,909.31,1
1109,1586.86,0.251,19,17,0.629,0.105,4.6,69.35,1665.11,1966.13,1999.44,1352.14,1003.05,2116.11,1
1110,1449.21,0.275,30,23,0.653,0.096,3.73,175.54,1697.18,1688.61,1302.61,1797.55,1272.53,911.64,1
1111,1427.76,0.351,24,20,0.545,0.119,4.24,239.34,515.84,48.3,660.46,2048.64,1599.96,451.92,1
1112,1226.75,0.347,20,24,0.662,0.082,3.55,302.42,1015.39,1225.5,1810.99,897.47,1050.67,642.19,1
1113,2305.86,0.462,30,6,0.434,0.133,3.94,386.41,4207.26,3258.61,2517.5,793.12,2537.65,2819.16,0
1114,1291.81,0.382,16,15,0.562,0.195,4.17,171.0,1133.68,1479.27,1718.24,688.96,2092.98,1159.83,1
1115,1079.6,0.285,26,22,0.54,0.136,3.78,60.52,1060.28,1142.67,1352.24,873.64,1643.93,842.8,1
1116,1131.53,0.28,15,32,0.517,0.135,4.61,93.76,983.74,1415.23,831.8,1114.34,1110.01,1298.69,1
1117,597.25,0.308,20,25,0.685,0.067,4.1,122.33,866.57,622.87,501.27,297.66,759.11,658.42,1
1118,740.44,0.596,11,6,0.228,0.193,2.82,185.49,632.54,1271.33,1196.64,555.96,666.94,0.0,1
1119,1484.14,0.31,21,16,0.669,0.071,3.67,217.37,907.46,1558.66,2329.56,1388.35,1259.39,1722.57,1
1120,5589.73,0.162,24,30,0.913,0.08,4.77,1547.69,7930.62,5664.33,5647.18,5884.62,4575.94,6661.98,1
1121,3399.84,0.286,20,28,0.479,0.113,4.33,353.61,2060.57,4269.05,2788.96,3995.72,3484.2,3279.86,1
1122,674.86,0.534,22,18,0.243,0.097,2.9,100.39,639.79,531.32,1280.68,819.46,1065.35,590.26,0
1123,1937.25,0.148,21,28,0.885,0.052,4.2,301.26,1695.12,1621.64,1757.01,2452.76,1570.68,2482.02,1
1124,1769.73,0.318,22,27,0.679,0.086,3.95,535.08,1375.06,1771.86,1954.78,2385.2,1608.23,1370.44,0
1125,1639.77,0.139,26,26,0.875,0.022,3.94,312.69,1398.71,1774.06,1542.47,1690.26,1563.5,1602.09,1
1126,880.45,0.471,12,11,0.383,0.22,4.41,31.81,656.36,1264.46,992.11,477.71,982.9,1017.8,1
1127,1351.34,0.193,20,41,0.797,0.0,4.36,346.12,1608.08,1594.22,1104.67,1175.1,1419.9,1363.98,1
1128,4356.6,0.35,20,15,0.429,0.241,3.74,1427.54,1459.91,4252.05,3786.0,2180.77,5174.8,3941.91,1
1129,1236.82,0.31,23,15,0.614,0.169,4.33,197.92,1719.52,1171.21,996.65,1295.53,1963.08,1270.98,1
1130,1707.53,0.456,24,10,0.23,0.181,3.29,184.81,2554.92,1246.53,2223.12,1965.52,1029.79,2929.05,1
1131,277.25,0.417,18,19,0.532,0.115,4.02,69.07,336.05,306.12,296.11,380.39,170.35,370.54,1
1132,2812.71,0.175,22,25,0.645,0.134,3.5,948.28,2874.95,2003.14,3246.92,2944.58,2934.74,2775.85,1
1133,3092.56,0.267,19,19,0.75,0.109,3.88,766.64,3320.65,3111.32,2411.72,3961.57,4290.33,2380.24,1
1134,801.79,0.31,22,21,0.55,0.101,4.21,40.22,1155.2,1509.31,750.04,1068.57,438.71,620.3,1
1135,959.01,0.356,18,22,0.451,0.076,4.33,230.52,363.64,446.15,1172.17,608.4,1072.02,1283.06,1
1136,1116.55,0.629,14,9,0.0,0.376,2.7,237.08,1627.05,1226.63,1719.29,752.91,975.22,0.0,0
1137,1217.55,0.507,18,16,0.164,0.277,3.14,126.17,756.55,1450.98,324.32,1210.73,1745.34,2702.28,1
1138,1790.91,0.416,21,18,0.339,0.193,3.8,507.02,2405.46,2167.84,2027.42,1265.41,2258.43,1767.25,1
1139,1025.15,0.392,17,16,0.361,0.189,3.35,220.48,778.36,636.36,698.06,927.28,1044.66,470.69,0
1140,3607.42,0.346,16,14,0.49,0.178,3.49,1028.83,4490.92,4251.84,4743.93,3983.96,4216.76,3834.87,1
1141,866.1,0.411,20,21,0.29,0.234,3.88,82.35,315.03,675.88,1528.21,822.3,631.83,581.15,1
1142,3310.89,0.565,5,12,0.204,0.115,3.03,701.59,144.29,640.06,0.0,3311.47,4808.01,2527.02,0
1143,3411.54,0.2,20,33,0.673,0.084,3.38,369.79,3334.39,4061.17,2963.92,2768.28,4357.72,2380.58,1
1144,1896.67,0.381,15,21,0.455,0.134,3.1,378.98,2933.15,2376.54,2087.12,2262.33,1968.99,1724.4,1
1145,720.01,0.464,23,15,0.1,0.237,3.42,214.69,899.34,396.79,718.72,864.89,583.59,10.2,0
1146,2110.27,0.461,17,21,0.576,0.164,2.87,139.04,2624.54,1581.72,3023.56,1369.15,1969.19,1527.23,1
1147,1621.59,0.535,16,21,0.315,0.102,3.37,114.29,2367.68,1118.52,1690.17,499.92,2306.54,904.03,1
1148,286.18,0.584,16,12,0.0,0.203,2.7,73.39,219.87,11.66,197.7,491.66,279.18,202.28,0
1149,409.76,0.599,14,13,0.106,0.21,3.9,73.29,559.65,596.88,159.35,838.8,115.34,222.21,0
1150,1258.53,0.577,15,11,0.14,0.243,4.18,344.46,837.49,1839.55,395.25,1429.02,1950.09,1283.2,0
1151,1157.79,0.507,19,14,0.296,0.238,3.1,133.63,973.35,962.43,721.53,945.35,580.52,1679.37,1
1152,937.95,0.381,18,19,0.404,0.251,3.75,172.67,870.12,927.9,736.05,1311.79,1089.62,1066.8,1
1153,2909.75,0.233,20,27,0.598,0.106,3.59,683.94,2539.52,2987.59,3170.19,3228.96,1643.12,3791.51,1
1154,735.92,0.401,16,13,0.441,0.201,3.64,144.84,716.41,808.11,689.62,673.68,767.87,588.66,0
1155,835.87,0.385,14,20,0.301,0.23,4.31,30.84,753.96,402.31,626.45,1147.33,813.89,940.34,1
1156,865.02,0.393,19,21,0.443,0.186,3.38,351.03,624.45,1031.07,521.91,589.79,196.32,988.8,1
1157,1947.57,0.33,21,14,0.579,0.124,3.61,383.64,1857.17,1191.8,1495.82,1503.43,2161.54,2688.0,1
1158,343.6,0.469,12,10,0.274,0.181,3.06,25.0,368.64,453.47,252.66,402.23,166.02,225.83,1
1159,1058.42,0.336,22,19,0.423,0.111,4.1,217.12,667.74,680.16,792.68,1099.0,1088.52,1338.62,1
1160,637.5,0.181,25,28,0.619,0.059,2.76,136.64,685.75,487.25,715.29,711.15,589.92,538.43,1
1161,1387.51,0.286,25,25,0.58,0.142,3.69,360.08,1191.3,1376.36,1931.22,1861.78,799.08,1161.0,1
1162,2251.33,0.305,21,24,0.533,0.134,3.75,572.23,2387.65,2216.6,1442.49,1183.62,1532.13,2004.67,1
1163,2078.15,0.469,21,14,0.337,0.165,3.27,338.51,1429.13,2179.36,3170.01,2116.15,1136.09,2520.23,1
1164,1174.12,0.321,29,25,0.581,0.158,4.17,49.59,1569.58,838.05,1435.09,1889.79,1543.95,764.91,1
1165,2268.78,0.215,21,29,0.778,0.065,4.61,492.12,2736.0,2367.89,2356.68,1977.27,2677.21,1805.7,1
1166,1442.25,0.167,19,26,0.744,0.038,3.68,70.1,1189.15,1513.88,1810.47,1269.86,1971.54,1286.67,1
1167,2965.85,0.249,15,21,0.754,0.068,4.83,822.19,3353.02,3825.52,2840.28,1313.21,2588.36,3001.58,1
1168,1315.01,0.507,25,10,0.271,0.243,2.86,159.62,2279.93,1438.46,1583.15,1382.9,952.02,690.37,1
1169,302.03,0.32,28,23,0.707,0.042,4.37,69.71,210.45,244.14,313.98,358.1,315.05,327.52,0
1170,2066.1,0.375,16,21,0.477,0.161,3.72,263.44,1393.65,1023.66,2104.29,2513.81,1791.17,1789.18,1
1171,1351.22,0.047,21,47,1.0,0.017,4.18,190.03,1397.96,1253.93,1380.4,1285.29,1314.18,1393.05,1
1172,1191.99,0.335,19,18,0.645,0.071,3.66,138.18,669.95,1320.97,1210.52,1188.51,1213.72,1217.12,1
1173,1630.78,0.452,23,19,0.284,0.184,3.39,386.96,1057.09,2216.05,1974.71,1794.25,2149.94,2923.6,1
1174,649.55,0.195,18,26,0.719,0.012,4.25,84.63,520.71,536.51,564.5,656.17,381.35,664.94,1
1175,1239.65,0.294,13,23,0.541,0.14,3.53,299.35,1512.32,1332.76,1006.7,840.28,1030.92,795.2,1
1176,1601.2,0.594,24,9,0.068,0.185,2.94,211.97,942.43,1435.45,959.62,1674.75,266.59,1398.78,1
1177,1961.61,0.292,22,23,0.621,0.168,3.61,316.77,1798.59,2373.04,1752.66,1495.03,1873.5,1973.72,1
1178,1119.23,0.302,23,21,0.543,0.13,3.4,204.65,866.64,1411.57,1461.26,487.38,1265.26,812.51,0
1179,3290.34,0.15,23,38,0.91,0.014,3.94,632.75,3855.48,2175.23,3062.91,3625.59,3839.95,4036.85,1
1180,637.94,0.521,19,13,0.226,0.271,2.87,67.66,352.56,980.69,854.61,684.44,493.91,535.02,1
1181,786.45,0.351,14,21,0.533,0.085,3.53,185.84,398.27,856.0,859.66,949.68,815.76,608.67,1
1182,1012.15,0.466,15,17,0.258,0.168,3.68,160.22,329.29,761.36,803.81,759.9,218.22,1097.83,1
1183,1263.42,0.525,17,15,0.254,0.115,3.31,282.39,1723.3,929.63,2131.38,1678.8,692.94,662.62,1
1184,714.85,0.428,9,12,0.357,0.246,4.26,127.74,949.04,724.55,939.94,1027.41,778.19,1010.35,1
1185,3409.88,0.23,21,31,0.829,0.156,3.22,773.76,4390.91,3014.07,3411.28,4788.04,2342.07,4011.24,1
1186,1564.93,0.391,18,27,0.556,0.047,3.9,230.19,792.51,990.96,1515.23,2063.46,2322.67,1644.94,1
1187,1850.04,0.161,22,25,0.838,0.02,4.27,216.14,1781.16,1639.18,1877.97,1964.68,2006.01,2026.28,1
1188,1114.32,0.545,14,8,0.152,0.235,3.57,238.63,2587.14,483.18,186.24,277.05,565.45,811.14,0
1189,2248.11,0.191,18,31,0.81,0.042,4.29,315.86,2118.12,2827.08,1893.41,2202.3,1610.83,1602.0,1
1190,1715.94,0.184,16,34,0.828,0.062,4.21,509.13,1538.18,1733.58,1861.88,1267.06,1488.99,1613.21,1
1191,413.72,0.406,19,11,0.37,0.172,3.53,76.71,410.19,791.67,148.15,276.33,262.84,329.58,0
1192,3414.56,0.154,22,37,0.825,0.084,3.99,239.39,3694.13,3610.32,3020.15,4445.94,2772.53,2340.19,1
1193,1143.16,0.474,13,21,0.25,0.159,3.84,152.23,1421.15,1462.13,930.54,589.05,381.18,570.19,1
1194,2449.28,0.254,22,28,0.57,0.137,3.25,245.06,2067.38,1789.44,4254.05,993.24,2306.07,1684.54,1
1195,1270.54,0.227,21,20,0.752,0.026,4.39,337.75,1101.83,1207.61,1464.84,1505.05,1481.71,966.64,0
1196,476.18,0.315,19,34,0.633,0.091,3.86,115.18,431.72,487.08,640.75,375.24,369.54,676.13,1
1197,192.63,0.557,8,5,0.198,0.134,3.05,33.73,114.34,124.3,106.29,274.99,240.34,247.53,0
1198,763.62,0.498,21,16,0.463,0.134,3.46,155.17,294.16,586.9,901.28,318.73,639.01,1130.51,1
1199,1612.62,0.347,15,26,0.495,0.118,3.63,278.96,2623.04,1847.43,628.9,1374.59,1954.83,1897.42,1
1200,3565.3,0.211,22,45,0.621,0.162,4.54,887.16,3259.15,3896.16,3316.56,4465.04,2973.58,4380.12,1
1201,1172.96,0.517,14,13,0.253,0.204,4.6,259.91,960.54,362.12,1479.45,371.17,1343.37,1189.29,1
1202,859.3,0.275,21,24,0.726,0.095,4.56,202.79,784.03,926.24,524.89,819.37,887.64,1216.86,1
1203,1341.15,0.098,29,35,0.845,0.058,4.11,220.82,1330.58,1413.77,1392.78,1379.41,1520.05,1179.45,1
1204,3842.76,0.272,24,23,0.69,0.0,4.23,497.54,4296.4,3226.85,4339.5,3092.29,4425.76,3772.08,1
1205,482.54,0.654,20,10,0.053,0.157,3.34,112.53,335.73,264.18,292.39,558.9,563.33,159.09,1
1206,6728.66,0.169,25,26,0.791,0.056,3.89,2046.23,8027.61,7231.97,5776.92,6746.5,5052.88,8144.29,1
1207,3959.77,0.476,20,17,0.326,0.202,3.01,1063.12,5087.43,0.0,2610.61,4968.08,2968.99,4751.62,1
1208,3711.02,0.448,12,22,0.521,0.128,3.59,1137.55,3393.66,3714.49,3134.23,6773.64,2380.38,5683.89,1
1209,2186.52,0.173,22,45,0.921,0.0,4.54,421.92,1934.88,2803.87,2066.87,3196.99,1875.96,1656.41,0
1210,917.75,0.473,17,14,0.287,0.186,2.76,93.98,1388.99,0.0,1139.1,1119.0,924.48,656.07,1
1211,1413.32,0.587,21,9,0.117,0.224,2.88,154.77,1278.85,2096.19,969.84,1321.71,1613.17,0.0,1
1212,2297.88,0.335,18,25,0.393,0.211,3.99,667.23,1339.93,2717.54,3532.84,2637.75,2513.67,2576.36,1
1213,1337.06,0.174,25,34,1.0,0.056,4.39,41.51,1575.18,1001.68,1709.0,1282.9,1631.24,1237.21,1
1214,692.66,0.386,20,15,0.497,0.118,4.19,208.06,498.57,831.74,755.77,268.48,821.87,894.56,0
1215,1406.09,0.324,25,14,0.627,0.111,3.29,164.5,1802.05,1862.65,1248.97,1384.85,846.3,1420.53,1
1216,895.01,0.293,20,18,0.338,0.199,4.72,298.82,235.51,586.38,755.13,1178.86,948.14,336.26,1
1217,3370.75,0.331,24,22,0.542,0.156,3.19,587.7,2959.44,2581.71,3724.16,1736.54,4022.74,1518.27,1
1218,696.01,0.421,12,14,0.358,0.263,2.74,165.51,1035.57,703.65,839.95,407.78,1065.5,720.13,0
1219,1150.9,0.409,13,24,0.491,0.146,3.63,426.76,1153.31,1610.58,1056.39,877.28,1078.4,1369.87,1
1220,1940.02,0.339,11,16,0.517,0.199,3.38,297.96,2333.79,1583.79,1681.21,2185.15,1844.92,480.98,1
1221,2565.06,0.562,20,17,0.199,0.162,3.31,390.52,1264.23,2504.35,3073.81,5993.34,4121.12,2444.66,1
1222,2048.6,0.254,25,26,0.777,0.044,4.06,254.87,2229.43,1702.81,2084.5,1627.7,2141.47,1519.48,1
1223,1606.16,0.479,21,15,0.22,0.108,3.34,160.39,1609.05,1625.05,1166.16,1676.31,376.88,752.33,1
1224,997.65,0.064,22,28,0.884,0.057,4.06,153.25,1013.15,1064.33,1004.85,998.02,882.17,955.93,1
1225,2689.24,0.254,19,22,0.634,0.144,4.1,364.69,4082.21,2761.57,2275.79,2483.46,3946.62,2773.61,1
1226,3827.51,0.168,23,36,0.926,0.0,4.1,306.12,4666.48,3597.63,3344.13,3796.83,2725.43,3373.14,1
1227,511.35,0.381,25,15,0.522,0.149,4.13,83.43,665.46,504.98,510.38,420.92,478.82,124.89,1
1228,4252.0,0.448,25,19,0.436,0.191,3.45,918.36,5784.7,2726.91,3157.33,9477.03,5934.23,4472.27,1
1229,910.95,0.408,22,20,0.381,0.202,3.18,98.68,572.66,540.94,638.21,1189.9,254.35,780.46,0
1230,2190.27,0.36,22,24,0.675,0.041,3.16,365.78,1819.07,3138.24,3014.01,1830.95,1338.3,1451.16,1
1231,1665.59,0.318,25,16,0.34,0.224,3.65,487.22,852.57,2534.38,1457.53,2293.47,1004.21,1502.29,1
1232,1562.41,0.201,21,29,0.88,0.05,3.57,103.8,1163.3,999.22,2141.91,1643.11,2128.63,1453.06,1
1233,1376.3,0.2,20,44,0.868,0.083,3.5,460.42,1132.21,1536.57,1548.83,1392.25,1931.95,1388.41,1
1234,871.43,0.242,21,31,0.705,0.087,4.21,109.87,865.28,1052.94,698.01,832.97,716.3,819.05,0
1235,2046.27,0.249,18,27,0.798,0.09,3.39,401.22,1423.19,1429.97,2636.17,1919.1,2341.02,2130.4,1
1236,1337.23,0.235,21,30,0.674,0.157,4.58,377.55,1324.93,1189.02,1112.09,953.96,1434.02,1321.96,1
1237,544.92,0.363,15,18,0.467,0.143,3.79,167.15,514.46,430.8,935.17,213.93,489.39,707.02,1
1238,714.5,0.487,22,16,0.256,0.22,3.44,155.46,319.9,1375.84,793.19,843.48,148.54,1265.83,1
1239,623.77,0.411,21,19,0.378,0.238,3.16,77.62,1014.49,1046.99,762.73,574.58,1214.74,619.9,0
1240,1289.88,0.311,27,30,0.629,0.106,4.18,151.4,759.36,920.91,1302.28,1641.33,562.49,1040.9,1
1241,1433.78,0.41,13,20,0.445,0.102,3.62,192.14,2091.31,575.03,1590.25,910.09,1558.6,588.22,1
1242,1260.35,0.215,29,30,0.827,0.097,3.73,417.35,648.15,1470.27,1198.13,962.18,1084.48,1435.88,1
1243,1625.7,0.483,11,16,0.262,0.276,3.46,242.8,1513.92,2053.15,898.16,2235.65,2417.87,916.48,1
1244,1292.08,0.274,17,27,0.525,0.203,3.29,266.03,867.85,1732.73,1412.4,1187.46,1591.73,2123.64,1
1245,1152.5,0.352,18,20,0.693,0.133,3.19,111.22,887.08,722.99,1568.11,1499.54,755.54,2279.6,1
1246,1388.67,0.499,23,23,0.219,0.098,3.03,121.5,2642.33,1889.78,564.07,1411.85,841.46,1241.14,1
1247,2773.83,0.547,19,11,0.232,0.18,3.56,505.15,2247.81,1664.44,5109.27,5620.25,423.71,249.59,0
1248,806.93,0.142,23,31,0.893,0.018,4.31,124.28,680.46,878.28,875.76,893.46,829.24,881.79,1
1249,3750.88,0.287,18,31,0.618,0.118,4.3,599.63,4275.13,3710.98,3281.18,4191.39,4515.13,6007.23,1
1250,1679.77,0.491,12,8,0.145,0.318,3.02,103.6,1386.1,3248.73,1304.35,2340.11,1315.18,596.49,1
1251,2026.87,0.14,28,39,0.784,0.02,4.5,352.92,2069.71,2154.04,2556.73,1949.31,1957.29,2566.36,1
1252,4120.44,0.118,27,23,0.748,0.195,4.25,1252.37,3675.7,3967.73,4576.99,3321.42,5048.32,3221.19,1
1253,1505.35,0.272,27,14,0.699,0.076,3.6,168.23,1151.5,1561.76,1971.6,1652.96,1888.25,910.62,1
1254,1503.78,0.473,20,22,0.412,0.129,3.63,378.64,943.92,1432.33,1325.33,2883.81,2461.73,1723.38,0
1255,668.07,0.361,9,28,0.325,0.231,3.61,0.0,860.63,389.65,802.05,115.67,127.34,913.28,1
1256,1416.37,0.648,11,11,0.137,0.282,2.83,164.03,1208.13,3183.47,1737.11,1847.05,1918.7,1355.38,1
1257,814.38,0.422,20,9,0.363,0.212,3.45,22.13,454.22,1363.67,754.38,286.92,900.75,968.8,1
1258,1174.19,0.408,17,19,0.339,0.147,3.54,327.48,1251.73,1089.71,1226.55,1163.02,574.25,1703.42,0
1259,2060.21,0.348,18,25,0.402,0.195,3.78,515.68,2117.23,2562.26,2856.5,2117.21,1311.38,2935.5,1
1260,2803.19,0.229,18,34,0.646,0.057,3.93,272.62,3171.79,4121.45,3831.09,3283.12,2662.82,2403.3,1
1261,832.99,0.431,22,12,0.299,0.155,3.0,169.21,659.91,1277.33,742.64,908.49,350.89,522.8,1
1262,1677.62,0.624,18,10,0.265,0.199,3.24,463.25,1596.42,1355.85,303.14,3115.4,841.56,2780.49,1
1263,621.1,0.536,19,9,0.159,0.189,2.93,179.23,761.48,591.82,1168.27,1009.41,467.43,772.31,0
1264,402.68,0.213,19,19,0.548,0.186,3.54,59.41,316.24,255.59,544.52,385.84,451.8,453.11,1
1265,1172.3,0.175,24,29,0.825,0.035,4.12,3.86,1354.57,1331.65,1254.65,1397.39,1026.92,1036.31,1
1266,1813.24,0.36,14,19,0.291,0.186,3.89,196.04,1823.98,2624.56,2983.45,1609.07,1521.29,2229.76,1
1267,1536.49,0.249,21,20,0.668,0.059,4.01,370.74,1115.46,2014.39,1661.78,1351.08,1928.21,1117.96,1
1268,958.3,0.178,13,39,0.74,0.137,4.01,333.4,769.21,1077.9,803.22,752.84,657.32,1000.48,0
1269,1106.73,0.39,13,21,0.343,0.151,3.39,194.4,1063.8,1258.92,539.98,1673.41,1204.9,1155.01,1
1270,1372.37,0.378,19,22,0.512,0.199,3.98,180.4,1086.97,854.82,686.83,1216.75,1574.35,1433.93,1
1271,2864.71,0.216,30,32,0.805,0.122,3.04,1065.53,3331.86,3062.63,2867.53,1365.63,3122.75,3348.32,1
1272,507.72,0.258,15,30,0.872,0.03,4.36,107.87,470.15,424.96,446.64,578.75,442.04,374.06,0
1273,1110.14,0.323,15,15,0.378,0.177,2.94,90.79,1218.75,1298.36,902.68,954.59,728.49,1352.75,1
1274,1709.47,0.316,22,25,0.574,0.103,3.37,291.44,1250.38,1296.23,1651.63,1547.92,2531.49,1720.64,1
1275,640.9,0.441,25,25,0.365,0.206,3.28,166.63,634.4,787.64,883.56,574.71,398.65,417.02,1
1276,646.46,0.372,21,23,0.633,0.102,4.68,112.72,963.01,964.84,514.84,565.48,377.68,328.4,0
1277,1253.23,0.302,23,16,0.365,0.158,4.48,305.22,1197.19,1395.92,982.58,2285.22,1260.88,1967.77,1
1278,1153.21,0.527,17,17,0.308,0.195,3.73,59.51,817.22,1352.8,860.94,2163.53,704.1,1111.01,1
1279,1132.19,0.429,16,18,0.281,0.121,3.62,73.89,712.29,1576.01,1579.85,1472.06,1642.99,959.64,0
1280,933.72,0.347,19,14,0.261,0.201,2.88,113.18,927.64,1507.64,911.02,1011.95,847.76,562.96,1
1281,1137.46,0.179,20,26,0.68,0.132,4.24,179.06,1424.44,1115.62,1194.46,1367.31,1377.84,1359.14,1
1282,1432.53,0.245,25,32,0.691,0.104,3.88,296.13,953.67,1615.5,1977.92,1518.1,1590.13,1787.6,1
1283,1681.54,0.233,16,22,0.739,0.133,3.77,388.34,1661.97,2274.06,2796.31,2001.42,1529.33,2002.45,1
1284,3925.34,0.244,26,23,0.816,0.047,4.16,1480.99,2285.77,4565.61,4537.97,4459.36,4991.06,3866.95,1
1285,337.34,0.446,19,23,0.409,0.145,3.38,40.79,275.62,36.24,418.74,356.64,239.47,450.3,0
1286,2660.83,0.107,23,34,0.939,0.0,4.64,412.11,2735.84,2456.57,2322.72,2929.24,2569.45,2425.68,1
1287,687.39,0.635,9,9,0.065,0.234,2.32,84.65,0.0,1015.44,848.35,503.86,918.52,782.44,0
1288,2022.26,0.23,18,29,0.648,0.206,4.09,538.63,1815.48,1836.23,2051.08,2049.44,2127.62,1997.01,1
1289,3263.24,0.333,25,23,0.478,0.164,3.39,883.41,3578.87,4828.07,4232.6,2199.17,2531.34,3553.37,1
1290,674.65,0.519,16,12,0.283,0.17,3.18,97.28,720.55,1324.94,537.5,372.25,136.92,40.03,1
1291,2368.94,0.398,20,20,0.5,0.095,3.75,817.9,2688.2,1812.99,2558.0,0.0,2351.38,4129.99,0
1292,620.64,0.367,17,29,0.531,0.057,3.37,76.52,398.95,385.77,758.32,724.5,455.24,988.82,1
1293,1170.59,0.508,17,26,0.137,0.194,3.38,307.15,1342.96,955.98,2298.65,1605.24,1188.2,487.26,1
1294,975.62,0.369,14,15,0.468,0.191,3.58,289.14,759.8,824.94,1538.09,1366.03,824.2,1183.29,1
1295,1206.42,0.456,18,8,0.326,0.167,3.17,85.74,1599.51,2052.07,1903.42,599.51,811.38,387.8,0
1296,921.93,0.305,23,20,0.768,0.03,3.82,208.55,271.16,630.34,1126.72,1045.83,846.41,945.55,1
1297,2170.2,0.229,23,27,0.616,0.074,3.94,0.0,2026.5,2538.59,1956.19,2169.85,2133.77,1080.72,1
1298,2347.85,0.603,13,10,0.089,0.28,2.91,577.42,2487.91,4313.78,3377.02,3392.66,3332.36,1933.98,1
1299,789.17,0.281,19,37,0.623,0.11,3.85,72.5,1088.89,971.13,617.65,644.49,883.17,680.84,1
1300,1798.55,0.31,23,25,0.56,0.099,3.78,405.39,1846.89,2041.63,1683.69,1611.25,2965.05,2442.8,1
1301,1554.89,0.609,15,9,0.045,0.243,2.88,373.79,1733.31,1401.18,3240.1,82.77,1688.92,3135.96,0
1302,1257.55,0.313,20,21,0.724,0.199,4.57,339.05,1405.13,1984.25,1468.99,975.78,993.07,1922.15,1
1303,4741.92,0.208,30,33,0.681,0.161,4.35,1191.25,5979.2,4499.76,4966.07,4744.98,4577.72,5885.57,1
1304,1236.19,0.165,19,29,0.976,0.099,4.06,228.04,1158.16,1429.96,1308.88,1271.77,1352.32,1253.03,1
1305,1580.11,0.275,25,20,0.549,0.045,3.96,236.32,970.12,1511.1,1539.32,847.18,2016.34,1748.92,1
1306,531.11,0.557,13,10,0.305,0.186,2.94,92.44,59.3,0.0,0.0,379.78,928.04,644.57,1
1307,1713.52,0.288,23,26,0.564,0.097,3.68,155.45,2040.78,1580.67,1090.55,1792.51,1212.44,1131.97,1
1308,1638.55,0.235,24,23,0.6,0.147,3.74,267.19,1724.38,1578.44,1875.91,2180.03,2131.04,2079.23,1
1309,2146.95,0.215,19,30,0.611,0.17,3.45,336.52,2028.78,2080.85,1722.57,1757.39,2125.74,2465.08,1
1310,1116.22,0.086,19,28,0.928,0.054,4.44,130.53,1059.97,1052.85,1105.9,1163.26,1027.26,1186.91,1
1311,722.84,0.365,12,27,0.477,0.107,3.55,29.42,770.57,888.02,398.82,574.6,669.04,120.58,1
1312,1947.41,0.329,19,22,0.6,0.087,3.83,151.6,2081.88,2420.0,1486.65,1661.6,2723.69,2237.69,1
1313,3400.77,0.301,22,20,0.624,0.145,3.49,0.0,3892.71,3087.23,3396.4,2501.05,3869.59,4431.8,0
1314,1827.65,0.321,16,18,0.512,0.178,4.95,283.96,1177.83,1643.48,2369.15,1215.53,1117.24,1818.72,1
1315,4782.87,0.285,22,26,0.558,0.138,3.65,998.85,2374.14,3348.41,6317.86,4134.65,3138.36,4099.23,1
1316,1443.91,0.485,13,20,0.232,0.218,2.7,0.0,803.66,1622.18,929.03,2178.41,580.24,489.05,0
1317,2238.77,0.181,21,32,0.892,0.049,3.47,445.38,1692.63,2795.75,2362.75,1933.6,1943.08,1659.07,1
1318,1948.09,0.324,16,27,0.529,0.151,4.16,331.57,1062.44,2818.4,1048.23,1373.15,1996.99,2045.52,1
1319,3518.09,0.317,20,21,0.708,0.129,4.35,302.06,5266.26,2850.83,3580.91,3750.99,2263.89,3256.65,1
1320,2266.65,0.576,16,10,0.285,0.23,3.11,329.81,0.0,4867.66,3511.93,2273.46,1707.14,1941.68,1
1321,475.74,0.53,12,11,0.218,0.217,3.82,125.62,594.2,384.39,458.83,458.52,829.35,861.35,1
1322,2461.08,0.236,19,39,0.722,0.087,4.36,251.19,2987.41,1871.53,3224.57,2608.47,3399.89,1732.28,0
1323,1969.91,0.139,20,38,1.0,0.016,4.21,367.01,2241.16,1595.81,2199.8,1692.58,2395.82,1874.94,1
1324,1166.22,0.281,16,9,0.418,0.126,3.79,242.26,1257.18,813.09,1245.4,871.28,577.3,1722.07,1
1325,754.36,0.12,29,33,0.949,0.0,4.47,86.17,873.49,784.49,731.83,843.38,905.43,726.2,1
1326,650.01,0.171,21,25,0.72,0.117,4.46,169.43,847.88,621.45,590.73,633.82,660.19,657.37,1
1327,631.2,0.456,8,12,0.207,0.183,3.49,134.01,544.27,449.42,211.86,802.75,653.63,580.84,1
1328,558.3,0.331,18,19,0.536,0.177,3.52,89.24,641.01,401.67,318.91,784.54,748.48,688.75,1
1329,1125.77,0.451,22,9,0.35,0.18,3.49,415.48,1774.16,573.77,1631.42,1555.6,1483.29,81.33,0
1330,2126.75,0.284,18,26,0.596,0.162,4.66,555.09,1605.94,1589.07,3041.34,1299.1,997.66,2003.88,1
1331,1171.31,0.348,26,27,0.511,0.174,3.87,52.83,1071.44,1585.35,730.5,1123.8,921.56,1193.51,1
1332,1623.75,0.171,19,29,0.633,0.154,4.45,241.72,1450.27,2123.65,1642.65,1912.28,1522.27,1347.04,1
1333,914.6,0.263,24,24,0.729,0.064,4.26,345.11,1025.4,1362.91,536.17,1040.25,594.87,997.19,1
1334,1602.66,0.479,22,29,0.375,0.197,3.59,162.55,145.32,2130.2,852.7,1743.89,2368.27,2206.44,1
1335,2034.76,0.342,22,19,0.472,0.189,3.82,377.06,3033.06,1692.69,2215.32,895.46,3034.66,2348.81,1
1336,539.06,0.301,15,15,0.74,0.007,4.24,150.12,625.57,430.83,454.99,439.14,537.35,827.43,1
1337,804.02,0.294,16,21,0.63,0.198,4.07,186.68,943.56,982.87,350.8,820.42,874.65,701.52,1
1338,880.99,0.182,27,25,0.78,0.188,4.17,214.71,501.73,841.46,1156.83,652.17,879.18,961.0,1
1339,1358.38,0.502,14,10,0.307,0.241,3.08,324.66,648.68,1639.43,1324.84,1899.88,1426.03,1683.18,0
1340,1445.38,0.497,22,15,0.283,0.239,3.58,263.1,2515.85,2831.85,652.18,1360.91,2248.11,1276.15,1
1341,1077.86,0.487,16,22,0.391,0.202,3.42,125.69,984.75,1191.67,1145.06,38.8,151.2,1672.75,1
1342,1591.49,0.202,23,26,0.855,0.04,3.97,341.82,1037.99,2322.77,1565.52,1409.58,1747.54,1684.02,1
1343,1784.13,0.216,17,34,0.826,0.058,5.0,263.66,1869.43,1350.45,1946.48,1673.94,1788.7,1321.9,1
1344,1380.51,0.501,16,24,0.274,0.25,2.86,195.33,1850.13,1689.89,1145.51,1290.71,887.17,1899.53,0
1345,913.16,0.362,16,16,0.472,0.103,4.1,272.67,1089.07,1017.0,1017.17,1383.03,746.55,747.87,0
1346,744.17,0.556,18,9,0.218,0.162,2.91,111.27,681.95,337.02,1134.59,983.5,1502.29,610.64,0
1347,1033.85,0.528,17,11,0.26,0.185,3.34,327.2,1653.83,1471.53,314.17,288.36,309.08,898.08,0
1348,1157.23,0.433,20,22,0.35,0.215,4.56,232.07,805.75,1923.66,810.14,411.48,1072.84,1525.37,0
1349,5453.76,0.217,20,23,0.685,0.056,3.71,912.24,6093.18,8061.54,6447.38,5137.87,7382.94,6731.19,1
1350,1085.4,0.333,17,20,0.74,0.074,3.63,37.55,1134.17,1233.99,886.19,1130.99,626.52,1027.77,1
1351,1446.62,0.499,19,23,0.211,0.212,3.44,505.72,1350.51,74.46,1387.64,2163.27,1117.2,1290.03,1
1352,1410.12,0.469,14,15,0.268,0.152,3.18,253.15,1159.49,1725.55,1099.05,2554.09,1438.09,56.35,0
1353,2838.47,0.505,21,9,0.112,0.12,3.68,0.0,2345.47,3903.07,2253.02,5398.55,3430.57,1819.98,0
1354,762.02,0.395,18,13,0.304,0.143,3.36,197.38,771.73,691.17,613.53,628.77,737.82,476.82,1
1355,2829.24,0.412,18,12,0.516,0.154,3.89,497.9,2488.18,3079.88,1362.7,3918.12,1786.02,3191.82,1
1356,1407.1,0.351,22,16,0.663,0.128,3.31,148.44,1768.91,1168.5,1633.74,1617.17,1627.91,1354.26,0
1357,5907.29,0.442,19,19,0.427,0.188,2.93,1503.37,4507.76,5558.19,8681.09,3059.11,5644.6,3534.21,1
1358,923.56,0.53,9,9,0.118,0.271,3.03,0.0,1690.53,1421.16,837.25,0.28,1230.56,998.24,1
1359,455.54,0.593,13,6,0.216,0.185,2.7,55.97,298.68,830.78,712.03,494.47,705.07,437.27,0
1360,1739.12,0.187,27,35,0.696,0.054,4.79,271.39,2039.14,1324.77,1578.99,1251.58,1254.49,910.74,1
1361,3156.62,0.371,20,30,0.689,0.117,3.15,783.4,4283.46,2558.44,2513.06,2160.53,4365.25,4452.75,1
1362,1167.44,0.312,13,12,0.587,0.113,3.3,419.37,1227.79,589.5,1316.87,918.27,1074.8,1535.24,1
1363,1492.37,0.299,22,27,0.601,0.165,4.02,239.4,1526.66,2313.49,1683.26,1590.08,1860.96,1386.1,1
1364,1769.88,0.46,16,19,0.289,0.217,3.3,383.7,1176.26,2478.98,1678.06,2812.72,2172.05,2057.01,0
1365,1248.78,0.179,19,32,0.708,0.157,3.48,499.35,1133.25,801.71,1399.94,1251.62,1663.02,1176.1,1
1366,1119.3,0.242,16,11,0.479,0.127,4.62,201.9,1178.95,1101.78,770.01,973.04,1121.0,683.84,1
1367,802.86,0.441,23,12,0.372,0.23,3.15,174.59,786.87,702.43,695.17,70.01,659.97,1569.46,1
1368,4263.9,0.115,16,26,0.914,0.143,4.26,345.43,4843.72,3893.41,4736.75,4488.54,4012.49,4631.35,1
1369,614.61,0.399,17,25,0.463,0.157,3.65,206.96,503.11,868.77,850.58,621.61,360.25,845.3,1
1370,1915.16,0.2,23,29,0.626,0.138,4.4,235.49,1764.4,2302.86,2235.01,1704.86,2224.32,1806.3,1
1371,2576.96,0.218,28,23,0.886,0.002,4.26,519.22,1641.27,2728.41,3150.69,3232.39,1957.89,3209.84,1
1372,1212.67,0.515,20,11,0.278,0.245,3.06,241.59,1614.8,811.71,979.88,468.56,1712.16,356.44,1
1373,526.44,0.462,15,18,0.401,0.226,3.42,98.35,661.1,372.3,111.38,359.73,472.04,466.69,1
1374,1189.13,0.113,30,36,0.827,0.039,4.2,172.73,1319.85,1195.01,1154.51,1156.35,953.25,1288.11,1
1375,1511.49,0.436,14,16,0.279,0.23,3.9,301.25,2192.89,1210.07,1930.84,1140.81,2492.79,1098.2,1
1376,917.33,0.321,21,22,0.515,0.155,3.32,294.09,1149.89,915.62,1152.98,1079.68,0.0,1185.78,1
1377,385.79,0.434,21,19,0.335,0.206,4.35,139.84,525.0,479.27,297.63,463.49,372.09,436.67,1
1378,1788.76,0.295,18,24,0.683,0.14,3.64,296.91,2110.16,980.86,1278.79,2342.44,1912.02,1899.19,0
1379,791.36,0.46,21,18,0.431,0.188,3.53,113.99,1069.7,515.17,474.98,974.34,0.0,529.06,1
1380,2325.74,0.215,20,28,0.802,0.062,3.65,268.16,1405.44,2308.91,2054.11,2268.1,2546.21,2527.78,1
1381,1447.29,0.272,24,28,0.655,0.148,3.35,571.52,1014.61,2063.14,700.91,1313.6,1183.78,2207.6,1
1382,1068.83,0.223,14,32,0.763,0.135,3.58,203.41,768.3,1269.95,943.41,1177.15,1009.71,1110.54,1
1383,1748.88,0.224,23,35,0.731,0.059,3.66,470.81,2246.87,1747.48,1767.66,1674.27,2275.43,1966.86,1
1384,700.36,0.363,19,27,0.614,0.116,3.62,165.1,501.1,802.75,675.45,712.38,736.68,879.41,0
1385,914.06,0.411,24,12,0.46,0.067,3.24,326.02,679.85,875.89,789.87,1105.71,782.24,483.73,0
1386,906.94,0.551,17,11,0.025,0.293,3.54,145.28,910.27,1445.33,562.46,976.19,821.75,840.68,0
1387,956.71,0.212,27,40,0.718,0.152,3.78,87.48,704.91,1044.53,840.74,1019.19,1316.3,923.7,1
1388,2707.28,0.222,24,25,0.66,0.092,3.74,890.04,2935.82,3475.28,2373.9,2232.29,2950.28,1431.15,1
1389,1545.24,0.082,23,22,0.915,0.048,4.19,389.81,1273.83,1372.58,1635.12,1717.19,1432.65,1645.76,1
1390,698.27,0.305,24,30,0.551,0.121,4.32,151.18,447.75,526.75,698.07,462.82,594.38,500.02,1
1391,901.83,0.517,21,16,0.312,0.173,3.48,273.09,994.52,1029.84,2378.3,1106.59,346.98,1218.69,1
1392,1997.29,0.154,25,20,0.888,0.06,4.17,441.53,1615.77,2148.94,1895.18,1848.01,1858.5,1764.37,1
1393,735.53,0.411,10,13,0.516,0.102,3.06,224.77,1128.49,1461.59,867.98,1062.92,1221.89,1353.23,1
1394,1411.89,0.386,15,10,0.484,0.137,3.08,281.99,1437.08,427.63,1243.09,1893.05,1321.32,1260.22,1
1395,2538.41,0.284,27,30,0.485,0.103,3.42,640.07,3353.86,2514.58,2297.58,2536.93,1575.33,3922.26,1
1396,4225.35,0.469,13,12,0.199,0.25,3.97,938.5,4934.49,4070.96,7320.89,7305.73,5079.15,3883.16,1
1397,3431.61,0.311,25,27,0.862,0.066,4.15,528.39,3418.88,3685.5,4496.48,3231.57,3012.54,3374.53,1
1398,531.4,0.395,22,13,0.495,0.125,3.28,86.92,322.07,895.47,162.82,716.6,649.32,860.46,1
1399,1302.29,0.213,20,40,0.79,0.074,3.93,193.48,1559.52,1544.88,1019.22,1101.25,1235.19,1048.28,1
1400,1076.2,0.247,14,31,0.655,0.095,3.65,216.57,1193.46,649.94,1039.99,1183.82,1460.27,1089.47,1
1401,1410.21,0.471,15,11,0.18,0.282,2.92,202.42,2794.04,2428.35,1066.95,791.23,805.71,1768.37,1
1402,1149.42,0.22,30,30,0.551,0.11,4.24,246.98,1358.67,1529.79,768.43,1154.34,855.11,1251.41,1
1403,860.21,0.412,16,18,0.345,0.215,3.5,182.49,719.43,953.4,901.23,842.0,1192.36,875.45,1
1404,848.59,0.094,21,34,0.925,0.003,5.0,166.67,871.66,719.6,698.84,918.64,688.84,841.07,1
1405,802.56,0.405,15,16,0.36,0.221,4.13,158.75,939.63,753.33,843.71,584.76,746.73,1077.4,1
1406,1268.91,0.247,26,28,0.6,0.172,4.49,170.93,1632.69,1415.53,1497.25,2230.27,1519.34,1324.21,1
1407,1058.79,0.381,18,18,0.636,0.165,3.92,166.7,1592.36,1461.05,1411.07,500.91,173.03,1448.87,1
1408,660.09,0.301,18,34,0.505,0.217,3.62,30.6,627.9,308.25,631.41,706.39,672.94,737.98,1
1409,2797.67,0.329,25,18,0.458,0.17,3.89,476.75,1680.08,2090.53,4186.76,3062.28,1422.25,3395.49,1
1410,2591.91,0.144,26,35,0.857,0.118,4.12,262.13,1899.52,3002.0,2715.76,2792.88,1902.88,3015.28,1
1411,503.17,0.369,16,18,0.479,0.231,4.3,94.59,291.86,781.64,660.01,407.6,305.51,445.67,1
1412,1011.67,0.509,13,18,0.25,0.151,3.59,124.27,706.79,1233.48,632.35,1136.23,917.19,1581.72,0
1413,710.16,0.173,26,26,0.786,0.043,4.13,11.32,894.49,850.89,896.61,641.0,623.67,690.95,1
1414,2860.12,0.43,19,27,0.416,0.091,3.62,1030.2,4729.88,3420.35,2856.48,5165.04,4222.37,1136.59,1
1415,3946.01,0.233,17,45,0.698,0.148,4.9,637.22,4828.35,4831.04,5394.98,3362.38,4021.72,3643.49,1
1416,1219.72,0.255,14,27,0.641,0.034,3.4,360.75,1602.1,1264.82,1641.8,1173.72,1067.76,995.12,0
1417,830.79,0.265,17,23,0.627,0.024,4.7,114.52,674.87,936.57,887.57,684.58,542.08,913.51,1
1418,899.85,0.28,16,27,0.621,0.06,3.88,284.22,518.25,592.17,1002.01,698.32,956.28,827.88,1
1419,1067.59,0.187,15,32,0.838,0.0,3.63,93.8,866.65,1211.76,1031.67,787.88,1478.62,1093.12,1
1420,1214.19,0.295,16,23,0.621,0.128,3.56,235.65,484.51,765.1,920.43,1455.19,962.13,1577.88,1
1421,2724.56,0.363,16,21,0.469,0.099,2.98,252.34,1622.17,3438.09,3313.58,2058.73,2145.09,4194.91,1
1422,2973.87,0.196,21,21,0.817,0.0,4.45,1154.04,2679.16,2718.17,3290.77,2509.54,2356.02,3144.36,0
1423,3330.68,0.209,28,22,0.646,0.106,3.54,533.11,3446.97,3588.77,2201.56,2658.81,4156.72,4087.99,1
1424,1627.16,0.327,20,30,0.408,0.169,3.94,400.73,1699.21,1120.38,1583.13,1789.06,2120.23,1532.94,1
1425,517.12,0.526,16,6,0.249,0.114,3.73,111.72,329.37,380.02,753.43,523.02,395.63,91.57,0
1426,1038.58,0.263,23,28,0.684,0.063,3.7,184.82,1194.16,1139.21,1439.4,1045.76,874.77,716.09,1
1427,1398.15,0.35,19,18,0.396,0.167,3.6,309.57,1070.51,1766.78,1752.6,1026.08,936.9,1302.51,1
1428,480.47,0.649,17,11,0.096,0.228,2.59,138.73,483.6,821.28,7.7,616.08,390.32,728.37,0
1429,1115.53,0.637,16,5,0.086,0.232,2.9,260.43,326.57,298.07,366.05,644.74,1840.45,978.44,1
1430,2039.1,0.428,19,14,0.447,0.217,4.56,393.54,2989.77,728.25,1736.96,2100.39,2075.36,3074.66,1
1431,1810.91,0.589,27,8,0.125,0.346,3.44,401.2,1833.14,770.38,3303.28,1661.84,3184.68,3765.07,1
1432,2135.76,0.339,24,27,0.536,0.12,3.66,711.64,2627.49,1363.85,1696.0,912.65,1614.08,1492.31,1
1433,311.17,0.59,13,12,0.295,0.13,3.08,45.63,87.75,598.99,505.63,683.86,0.0,701.51,0
1434,2933.5,0.38,20,13,0.359,0.168,3.56,92.96,3128.06,4428.46,2238.41,3574.66,5839.67,1109.99,1
1435,500.74,0.386,17,23,0.527,0.148,3.79,46.21,611.4,308.03,603.72,535.58,542.23,858.23,1
1436,1063.18,0.529,19,6,0.18,0.222,3.18,104.44,0.0,2026.01,533.99,1253.48,1501.46,1044.31,0
1437,1639.8,0.429,14,18,0.534,0.167,3.88,179.55,2461.38,2540.44,1503.48,3083.3,1085.9,1476.03,0
1438,1431.0,0.417,15,19,0.292,0.308,3.25,160.63,686.18,459.54,756.41,2108.72,618.74,1426.21,0
1439,787.82,0.229,23,35,0.767,0.0,3.67,140.32,825.9,601.78,1048.41,850.8,815.76,643.36,1
1440,1019.49,0.197,27,36,0.807,0.043,4.36,203.69,1378.73,686.07,879.86,877.16,619.26,1321.23,1
1441,2171.16,0.207,25,28,0.827,0.14,3.66,431.92,2600.23,2132.26,1475.97,1923.78,2051.16,1860.22,1
1442,1708.29,0.517,21,11,0.197,0.195,3.68,207.69,391.88,1723.68,271.38,115.05,2611.54,1209.52,1
1443,909.9,0.253,24,32,0.741,0.124,4.09,236.13,868.97,913.47,890.26,825.24,1012.98,592.86,0
1444,2203.68,0.199,23,22,0.761,0.111,3.4,490.88,2745.33,1313.68,2002.53,2494.32,2315.62,1882.82,1
1445,365.55,0.581,14,13,0.128,0.3,3.18,112.04,191.99,62.27,503.4,500.2,736.09,216.75,0
1446,2137.39,0.373,23,16,0.346,0.279,2.97,529.52,1850.67,2344.66,1950.07,2628.28,2436.43,1526.03,1
1447,1064.91,0.256,26,19,0.73,0.104,4.3,161.91,959.17,1234.53,1382.76,924.42,545.75,1017.01,1
1448,1360.3,0.381,19,22,0.257,0.118,3.51,386.92,1655.56,314.11,1160.67,1645.72,1283.09,782.9,1
1449,1512.71,0.228,21,21,0.632,0.077,4.77,305.4,982.35,1070.63,1866.91,1797.1,2177.07,2062.92,1
1450,3544.52,0.27,27,23,0.459,0.264,4.31,864.29,4144.53,4524.31,2631.67,1410.4,3247.98,3398.09,1
1451,1813.92,0.273,21,25,0.72,0.019,3.56,431.05,1505.24,1207.1,1068.83,1964.8,2737.81,1999.3,0
1452,1329.24,0.092,24,29,0.925,0.064,3.53,226.04,1327.85,1327.44,1228.84,1582.99,1454.06,1434.32,1
1453,2188.33,0.174,24,23,0.765,0.0,3.79,411.98,2102.56,1685.04,1757.82,2077.16,2032.53,2960.66,1
1454,3987.43,0.474,17,9,0.356,0.114,2.87,675.83,5121.13,5559.13,1642.33,0.0,1945.03,5707.32,1
1455,1689.75,0.445,15,15,0.289,0.242,4.2,188.85,1673.94,174.68,2000.47,1079.31,1945.06,1503.59,0
1456,1565.95,0.268,23,18,0.662,0.106,3.92,13.19,2169.37,1438.4,1455.22,805.81,2098.18,1116.56,1
1457,707.05,0.491,18,11,0.283,0.18,3.79,88.02,1050.55,1033.5,756.27,486.82,159.0,824.43,0
1458,1235.56,0.307,28,15,0.556,0.09,3.73,242.09,933.63,1467.16,1435.84,770.86,1281.27,1638.86,0
1459,2431.93,0.327,24,29,0.662,0.005,3.76,648.95,3516.79,2063.14,1092.47,3171.59,809.84,2544.71,1
1460,599.42,0.534,15,10,0.383,0.209,3.31,146.07,701.56,375.98,781.68,848.38,490.82,620.27,1
1461,1522.71,0.378,23,15,0.456,0.142,4.18,240.03,1620.43,1388.73,829.42,1720.01,570.83,1645.51,1
1462,3090.74,0.373,20,15,0.433,0.086,3.67,388.15,4068.94,1603.8,2425.53,4504.89,3739.14,934.42,1
1463,1693.38,0.358,25,17,0.456,0.158,3.22,280.44,1062.23,1632.76,546.36,1350.65,1275.71,1782.18,1
1464,713.62,0.336,18,21,0.577,0.155,4.47,72.79,382.56,693.73,870.72,731.27,991.54,889.36,1
1465,6715.71,0.181,24,30,0.812,0.057,4.07,72.38,6746.04,6207.38,4661.38,9384.67,6058.33,6660.15,1
1466,3135.9,0.548,17,16,0.192,0.228,3.15,176.83,2093.69,4855.47,1072.95,4141.98,2050.25,5067.18,1
1467,2220.05,0.189,22,31,0.405,0.171,2.91,643.77,3088.05,1771.98,1748.08,2463.99,1543.99,2704.29,1
1468,2871.22,0.294,17,24,0.692,0.062,4.11,943.43,2225.87,1432.15,2762.5,2223.15,3201.39,2445.76,1
1469,1275.05,0.335,22,21,0.455,0.159,3.81,306.41,1292.22,1050.93,1207.1,1097.32,1485.0,1463.53,1
1470,2116.46,0.414,21,17,0.383,0.211,3.64,371.12,2284.53,2225.02,2827.27,1238.38,2939.2,2153.9,1
1471,1326.97,0.31,26,24,0.552,0.184,3.69,90.98,1832.66,1283.14,1284.02,2017.33,1596.07,493.84,1
1472,485.35,0.528,17,7,0.164,0.269,3.11,81.11,230.32,446.59,733.0,85.78,588.25,437.35,1
1473,5711.05,0.416,17,20,0.404,0.135,3.43,1307.53,1884.56,3037.45,6611.44,7880.9,7125.4,3264.05,0
1474,749.68,0.299,25,31,0.65,0.139,4.17,184.71,1062.11,529.54,537.84,879.88,905.81,779.7,0
1475,1658.85,0.35,18,17,0.527,0.162,4.13,390.0,1705.66,1374.98,1271.01,726.82,2186.47,2055.73,1
1476,2094.08,0.239,26,24,0.64,0.074,3.85,579.57,2500.13,1809.66,2851.57,2666.95,1328.07,1984.95,1
1477,2991.44,0.087,29,30,0.938,0.012,4.79,1003.44,3213.58,3276.17,3309.71,2924.36,2871.7,2758.07,1
1478,1385.38,0.448,24,18,0.45,0.191,3.53,204.48,2025.29,1549.34,1897.35,564.75,377.03,1530.73,1
1479,1569.02,0.283,23,22,0.534,0.205,3.76,634.55,1401.23,1332.54,1993.29,1730.86,1716.5,2654.13,1
1480,1295.43,0.419,17,15,0.301,0.104,3.63,23.84,943.56,1889.18,1547.64,849.46,2179.24,117.56,1
1481,2539.25,0.122,24,25,0.951,0.114,3.8,298.96,1920.33,2677.62,2643.15,2475.71,2817.16,2611.43,1
1482,1377.65,0.354,21,19,0.362,0.238,3.71,270.02,891.8,714.71,1401.93,1130.67,1081.2,1112.1,1
1483,1213.48,0.369,17,20,0.396,0.181,3.09,271.73,1241.28,0.0,1973.35,820.26,1439.55,1022.9,1
1484,545.43,0.515,22,14,0.104,0.232,2.82,90.25,348.32,172.72,414.85,211.45,643.5,516.01,1
1485,5666.45,0.278,24,31,0.638,0.13,3.16,795.22,3870.08,6603.18,6044.8,6921.07,6033.51,5124.72,1
1486,1300.87,0.495,13,12,0.195,0.189,3.23,463.38,1333.33,1874.83,201.05,1510.03,461.75,1688.32,1
1487,2464.11,0.133,30,26,0.852,0.048,4.95,336.4,2905.48,1918.45,1993.89,2549.78,2896.34,2384.64,1
1488,937.51,0.394,20,11,0.361,0.106,3.62,92.3,916.83,1180.64,1607.55,803.06,502.63,139.48,1
1489,536.89,0.494,13,15,0.325,0.102,3.65,169.26,236.19,701.66,700.61,550.5,439.54,876.57,0
1490,2196.77,0.31,17,19,0.641,0.226,4.74,544.65,3063.43,3146.95,2051.9,1695.44,2850.05,2965.93,1
1491,1367.13,0.415,25,16,0.229,0.216,3.73,365.81,928.39,1905.79,1411.53,940.19,1155.49,1023.24,1
1492,1673.95,0.655,23,9,0.0,0.28,2.77,327.54,3296.56,3156.72,184.33,3549.78,1760.93,1728.54,0
1493,692.39,0.344,24,16,0.569,0.126,3.48,48.41,629.7,808.74,590.39,903.13,720.89,982.48,1
1494,3366.05,0.493,23,11,0.389,0.131,3.4,628.68,3537.1,4120.58,947.62,2434.84,3475.38,5079.64,1
1495,2756.23,0.336,25,26,0.326,0.173,3.49,162.36,4200.53,2444.14,2482.98,1371.83,2862.69,4012.21,1
1496,1797.9,0.19,25,25,0.883,0.054,4.0,358.47,1336.89,2077.69,2029.96,1217.64,1870.87,1925.63,1
1497,2436.31,0.161,24,26,0.949,0.023,4.62,565.89,2023.16,1912.09,2614.65,2186.8,2465.7,2739.07,1
1498,2900.18,0.156,25,34,0.717,0.053,4.59,771.55,2752.89,2837.63,3616.94,2948.76,2496.28,3535.59,1
1499,682.87,0.354,23,12,0.62,0.139,3.08,117.87,649.06,813.28,754.06,711.46,308.44,599.94,1
1500,3540.69,0.337,17,16,0.496,0.155,3.44,849.22,6690.12,5219.33,586.26,3717.49,4730.49,4065.93,1
1501,1581.05,0.567,20,18,0.233,0.231,3.13,170.27,784.87,1152.56,3329.91,1880.7,2516.85,0.0,1
1502,1157.88,0.298,27,25,0.527,0.174,4.12,297.96,707.86,1491.4,867.81,799.6,1274.33,612.77,1
1503,882.76,0.148,22,32,0.847,0.05,4.61,206.54,760.25,856.95,903.98,1080.14,925.84,948.21,1
1504,2700.41,0.298,20,32,0.679,0.092,5.0,313.19,2886.95,3493.63,2782.24,2541.78,1964.94,3224.9,1
1505,2310.76,0.145,26,21,1.0,0.094,4.21,513.98,2475.9,2041.81,2391.61,2409.72,1492.31,2180.78,1
1506,1703.85,0.396,17,20,0.599,0.073,3.56,455.23,1227.36,2193.07,1736.24,1261.65,1536.26,1295.2,0
1507,1500.47,0.155,17,34,0.77,0.0,4.39,279.53,1505.35,1478.36,1515.7,1572.7,1060.52,1418.02,1
1508,778.93,0.418,23,23,0.621,0.143,3.29,88.95,1413.01,392.62,348.11,1455.97,839.04,841.48,1
1509,1736.78,0.388,18,16,0.543,0.103,3.6,337.32,1760.48,1633.48,3479.97,1070.13,2615.62,177.72,1
1510,1125.3,0.43,19,17,0.409,0.114,3.38,252.29,1280.65,1764.99,1440.58,585.36,827.09,1350.65,1
1511,1041.68,0.499,15,12,0.191,0.267,2.36,118.33,2023.76,511.79,1068.65,592.21,751.21,1058.53,0
1512,8457.08,0.147,28,37,0.698,0.088,4.28,840.54,7588.09,6609.2,10750.1,8042.33,7204.89,8765.12,1
1513,1951.35,0.517,20,9,0.06,0.192,3.19,432.67,1181.08,2353.68,869.78,1425.26,1996.0,1826.51,1
1514,1851.86,0.541,16,8,0.154,0.328,3.85,455.31,1380.96,169.71,2722.5,808.5,1818.54,465.19,1
1515,8439.12,0.089,19,34,0.989,0.0,4.32,2970.41,8042.7,9613.07,8022.24,8401.83,7673.84,7614.47,1
1516,2097.54,0.16,21,43,0.815,0.062,3.66,489.27,1484.66,2615.22,2232.95,2622.95,2404.67,2610.28,1
1517,1431.26,0.404,21,15,0.305,0.099,3.43,119.19,1511.03,2031.43,1676.61,1344.66,2993.34,1059.8,1
1518,1047.78,0.304,22,17,0.597,0.134,3.07,359.58,1116.86,1044.2,303.7,1017.07,1426.7,1305.03,1
1519,1022.9,0.404,20,17,0.394,0.139,3.14,270.45,946.04,1711.26,430.89,1164.71,977.16,575.33,1
1520,501.39,0.244,23,30,0.785,0.115,4.34,9.82,531.63,665.82,695.27,580.54,486.41,499.55,0
1521,2113.25,0.427,21,18,0.262,0.204,3.4,206.2,2346.17,1632.5,1885.68,3352.5,1649.79,1715.56,1
1522,520.67,0.46,17,16,0.281,0.267,3.75,73.25,205.11,865.65,1000.57,578.23,392.6,451.74,0
1523,2376.9,0.386,21,15,0.442,0.138,2.84,587.21,2641.62,1540.8,3578.43,2374.46,3255.64,2065.08,0
1524,1569.96,0.148,19,23,0.759,0.0,4.14,0.0,1699.99,1524.08,1518.67,1339.1,1803.18,1906.14,1
1525,1486.86,0.559,27,11,0.288,0.21,3.05,253.47,158.37,0.0,1230.23,2102.36,514.03,3090.16,1
1526,1571.22,0.175,21,21,0.684,0.086,4.44,380.99,1973.1,1611.3,2024.0,1339.25,1671.83,1636.49,1
1527,3097.85,0.41,20,18,0.344,0.093,3.9,0.0,1527.15,2723.53,5770.77,1985.09,4510.08,2573.31,1
1528,2704.34,0.429,21,16,0.393,0.119,3.74,648.34,1385.24,2180.28,2372.2,2928.16,2298.51,1163.9,1
1529,1713.07,0.142,22,33,0.819,0.028,4.84,427.16,1762.15,1672.82,2086.84,2087.65,1661.67,1373.35,1
1530,641.43,0.545,17,15,0.267,0.281,3.2,72.01,828.28,438.91,1001.37,895.29,884.64,1147.91,0
1531,2710.41,0.201,21,22,0.544,0.169,4.49,237.8,3134.78,2733.15,3366.63,2689.93,3105.72,1909.01,1
1532,940.02,0.141,20,38,0.929,0.02,3.88,104.36,1014.47,1110.36,953.44,809.75,996.96,881.58,1
1533,644.84,0.28,23,17,0.807,0.092,3.52,0.0,551.16,453.44,523.63,919.22,690.67,672.84,1
1534,2221.77,0.06,18,33,0.842,0.0,4.72,341.94,2236.15,2336.06,2082.06,2214.27,2273.26,1877.05,1
1535,2797.75,0.492,24,15,0.27,0.174,2.76,552.75,2361.96,3093.97,1002.84,2398.38,2415.56,1076.71,1
1536,993.43,0.524,21,11,0.208,0.238,3.64,81.91,1084.14,1188.19,1988.2,1282.44,411.57,296.67,1
1537,2140.34,0.331,24,27,0.845,0.067,3.99,551.7,2188.85,2118.57,2148.09,1822.82,1037.24,1668.58,1
1538,1107.55,0.228,16,33,0.856,0.029,4.56,208.45,980.21,926.62,818.83,917.64,1257.75,1172.79,1
1539,2588.6,0.195,20,31,0.876,0.049,4.26,519.8,2413.69,2812.71,3093.59,2257.58,2643.11,3106.36,1
1540,4143.31,0.094,29,24,0.794,0.088,4.36,612.55,3423.1,4345.06,3957.11,3886.77,4320.43,3885.29,1
1541,1653.11,0.226,30,25,0.549,0.132,4.15,395.83,1963.18,1354.11,1409.95,1232.01,1343.5,1480.67,1
1542,1073.2,0.184,28,35,0.834,0.104,3.9,303.98,1131.82,809.51,1480.6,829.13,1093.41,1049.64,1
1543,492.53,0.577,21,16,0.053,0.273,2.96,72.6,0.0,516.78,114.36,768.78,514.88,263.61,0
1544,2151.43,0.429,20,11,0.168,0.253,3.6,518.24,2884.18,2848.67,2368.57,2769.33,3333.02,2537.42,1
1545,465.27,0.523,13,9,0.166,0.314,3.24,112.49,452.36,709.93,321.43,264.99,672.61,574.49,0
1546,2002.94,0.302,24,21,0.55,0.174,3.65,427.49,1436.93,2729.98,1549.5,2539.71,1555.87,358.6,1
1547,2048.52,0.327,16,34,0.587,0.21,3.8,643.57,1361.99,2297.17,1068.46,2255.61,2386.32,2476.62,1
1548,684.88,0.519,12,13,0.194,0.188,3.98,83.47,440.06,591.25,706.07,569.7,419.19,730.13,1
1549,1209.99,0.247,16,19,0.707,0.014,3.77,176.99,931.59,1209.35,948.82,843.64,429.08,1287.33,1
1550,2653.16,0.407,23,19,0.346,0.177,3.43,312.66,1793.29,1312.23,3291.04,3021.46,4514.83,3925.51,1
1551,866.27,0.316,20,27,0.549,0.121,3.07,206.17,1331.86,679.37,853.4,1376.97,763.62,377.22,1
1552,923.91,0.258,22,19,0.649,0.181,3.93,146.16,1012.42,911.21,849.34,927.38,1171.82,624.46,0
1553,1237.09,0.299,20,20,0.57,0.071,4.05,153.82,1990.49,1138.43,915.7,1606.63,992.37,1211.1,1
1554,2687.71,0.344,16,14,0.597,0.117,4.09,841.39,2896.26,2772.71,4009.48,2492.11,1941.83,543.09,1
1555,2486.1,0.534,14,9,0.117,0.261,3.27,807.39,3254.81,661.63,3462.38,3709.42,1760.75,2205.23,1
1556,916.74,0.553,14,10,0.143,0.239,3.68,140.91,470.16,332.87,571.26,840.57,1044.85,1345.75,1
1557,544.4,0.571,11,9,0.0,0.261,3.49,38.44,492.16,785.53,121.84,0.0,599.16,667.71,1
1558,2086.56,0.471,16,16,0.126,0.256,3.88,686.65,2006.33,1267.93,231.91,1377.57,2575.47,2164.16,0
1559,560.34,0.238,18,24,0.76,0.134,4.56,121.96,643.17,470.02,712.26,578.01,494.04,529.25,0
1560,1557.26,0.442,21,16,0.358,0.257,4.18,332.72,1523.24,1622.61,2182.36,2301.61,1585.06,1263.09,1
1561,1390.22,0.384,22,23,0.339,0.187,3.57,261.92,1577.6,893.58,1948.39,1308.35,940.53,1131.3,1
1562,2846.82,0.277,16,32,0.523,0.098,3.36,330.16,3095.27,3717.97,2752.1,2870.3,4003.78,3026.92,1
1563,3108.63,0.332,19,13,0.594,0.198,3.97,456.77,2796.5,1813.31,3939.32,2503.38,1754.39,1510.25,1
1564,859.38,0.439,26,18,0.419,0.111,3.84,201.28,706.46,859.95,1246.58,1447.77,549.54,1410.9,0
1565,1474.24,0.32,17,21,0.465,0.243,4.48,212.58,1159.09,1121.6,1441.36,2181.19,1274.78,1126.76,1
1566,1090.34,0.257,22,28,0.523,0.206,4.35,234.03,1393.95,1134.16,989.88,900.64,1760.49,1246.78,1
1567,1372.87,0.199,22,30,0.716,0.165,4.8,248.59,1290.37,1237.17,1106.56,959.22,1582.05,1394.79,1
1568,2055.25,0.413,23,23,0.319,0.224,3.8,196.17,2334.39,2035.17,2416.93,521.43,1330.79,1076.12,1
1569,1203.23,0.299,21,13,0.465,0.048,3.89,372.63,1146.87,1642.95,1404.58,1420.49,1499.26,1668.65,1
1570,1378.28,0.402,17,20,0.388,0.121,3.07,313.59,1967.69,996.96,1152.78,1453.28,1664.4,1978.15,0
1571,2092.47,0.479,18,11,0.382,0.19,3.56,431.99,100.81,1395.45,1803.21,1309.27,2366.7,518.98,1
1572,2413.97,0.588,16,11,0.192,0.188,2.92,541.7,2844.07,1965.52,2105.5,2799.88,3401.76,2309.53,0
1573,1326.82,0.513,17,9,0.198,0.205,3.47,48.52,473.29,2329.37,1864.98,490.02,1366.32,1467.86,1
1574,1518.38,0.223,17,25,0.719,0.121,4.05,213.4,1650.65,1488.0,1053.11,1787.49,1576.2,817.15,1
1575,640.05,0.529,22,12,0.199,0.212,3.49,37.01,590.43,1057.94,265.83,510.61,114.25,0.0,1
1576,4336.88,0.275,25,26,0.495,0.085,3.82,823.9,2576.9,4126.27,3044.3,3049.41,6054.89,3344.41,1
1577,1569.15,0.396,15,19,0.414,0.211,4.03,323.36,1778.84,2307.96,1476.91,1341.22,1291.24,753.6,0
1578,1884.2,0.169,22,32,0.705,0.119,3.12,360.46,1955.38,2013.55,1984.3,1756.74,1491.39,1552.89,1
1579,1292.1,0.396,18,17,0.456,0.144,3.62,354.41,1173.73,1576.0,744.9,1478.98,1033.92,619.9,1
1580,1325.17,0.439,14,14,0.469,0.188,4.0,79.79,1264.41,490.83,1853.4,2002.75,1055.5,1254.05,0
1581,1372.21,0.504,10,16,0.209,0.223,4.11,159.26,1483.88,276.9,2383.51,2142.54,818.22,755.27,1
1582,2325.56,0.332,18,24,0.492,0.214,4.11,495.69,3235.18,3151.79,2645.03,2448.8,2925.93,3185.57,1
1583,3726.03,0.319,19,22,0.652,0.115,4.53,749.36,3352.36,4983.53,5060.82,3503.5,4884.17,3940.34,1
1584,1310.34,0.36,14,22,0.545,0.2,3.74,97.97,1787.92,2451.91,878.89,1042.26,386.69,1684.81,1
1585,4277.13,0.338,21,23,0.468,0.059,3.84,1179.3,4222.93,2126.36,2986.98,1718.1,3532.04,1833.53,1
1586,3364.37,0.276,26,24,0.638,0.133,4.19,1020.94,4566.03,3814.9,3841.63,3346.55,2953.43,2781.76,0
1587,1420.58,0.368,23,18,0.429,0.143,3.65,304.07,1297.66,885.35,1400.51,975.69,1330.59,1491.79,1
1588,501.85,0.318,19,17,0.435,0.118,3.43,29.75,395.64,383.8,359.47,696.06,773.85,574.06,1
1589,1314.75,0.252,14,27,0.661,0.163,3.74,253.45,950.52,1148.09,1787.61,1248.15,1044.79,1099.83,1
1590,4152.86,0.262,24,25,0.517,0.185,3.41,860.59,4116.02,4569.43,4478.39,4966.79,5855.06,3606.9,1
1591,1252.91,0.092,25,41,0.897,0.0,4.62,198.28,1161.63,1176.49,1333.73,1197.38,1236.09,1207.85,1
1592,2002.99,0.182,25,41,0.831,0.098,4.26,576.42,2514.34,2015.24,1757.5,1757.05,2575.23,1894.54,1
1593,1959.84,0.363,28,29,0.429,0.192,3.68,334.59,1339.23,2552.54,3156.53,2390.66,1738.33,3501.51,1
1594,1607.82,0.525,13,13,0.0,0.234,3.0,560.11,1025.65,2559.49,1476.27,1842.06,1246.65,1872.11,1
1595,846.86,0.304,10,29,0.689,0.056,4.13,205.49,996.53,1025.25,1109.33,929.85,841.03,857.13,1
1596,867.95,0.24,18,23,0.628,0.034,4.34,175.4,1115.28,962.2,746.39,848.39,1137.49,605.35,1
1597,1646.81,0.437,19,18,0.406,0.152,2.9,417.69,2172.78,1544.91,1768.15,2214.76,1760.71,758.0,0
1598,1039.44,0.24,22,26,0.825,0.055,3.49,314.4,1303.01,897.79,1178.32,1199.96,1091.53,986.36,1
1599,372.45,0.38,14,17,0.388,0.213,4.02,93.83,361.1,448.7,654.73,64.5,462.52,532.36,1
1600,3522.83,0.385,14,18,0.69,0.111,3.2,612.74,3433.19,2098.25,2926.75,3173.83,2330.3,3252.88,1
1601,2261.57,0.349,18,17,0.533,0.084,3.91,287.69,3849.01,2355.57,2421.41,3062.28,2527.24,2138.23,1
1602,3192.72,0.459,13,21,0.294,0.208,4.17,288.08,5671.22,1615.41,4060.57,1697.73,2271.64,2101.4,1
1603,2322.18,0.402,21,15,0.201,0.207,4.26,0.0,2989.38,2283.61,1000.43,741.14,3696.63,695.1,1
1604,2088.53,0.289,19,16,0.584,0.077,4.09,405.05,2757.42,1451.62,774.25,2004.65,2341.59,2352.62,1
1605,1884.74,0.219,19,31,0.694,0.017,4.32,280.8,2238.36,1719.76,1474.58,2099.22,2170.06,1779.98,1
1606,1468.67,0.212,20,35,0.84,0.091,5.0,225.1,1092.37,1257.75,1770.47,1324.99,832.33,1607.85,1
1607,2298.64,0.228,23,23,0.677,0.123,3.11,602.95,2277.88,1881.6,3197.25,2975.55,2668.64,2379.59,1
1608,993.97,0.394,20,13,0.38,0.203,3.52,170.0,1580.79,959.72,632.11,1716.77,924.36,615.99,1
1609,598.49,0.533,18,18,0.203,0.183,3.7,198.47,828.35,0.0,210.24,0.0,139.9,670.42,0
1610,1108.99,0.379,20,17,0.487,0.157,3.51,148.77,1082.29,352.31,1753.28,947.79,1148.86,567.01,1
1611,2423.73,0.457,17,21,0.229,0.144,3.88,248.01,4094.2,3313.59,1797.7,0.0,742.71,2664.59,1
1612,645.83,0.259,17,27,0.565,0.079,3.88,51.27,707.58,670.49,583.66,756.35,747.99,635.32,1
1613,454.07,0.605,14,12,0.026,0.265,3.27,107.99,661.57,255.42,854.78,267.37,847.87,877.15,1
1614,1819.58,0.397,18,16,0.437,0.174,3.53,495.14,2089.91,2522.52,2754.07,1476.15,527.19,1193.88,0
1615,1159.49,0.406,26,12,0.232,0.131,3.27,153.57,1413.96,858.93,1598.72,1699.36,1145.39,535.55,1
1616,1802.54,0.286,16,27,0.721,0.037,3.75,171.03,2118.73,1503.37,919.28,1116.98,1717.45,1589.32,1
1617,3200.75,0.09,22,32,0.786,0.055,4.38,967.98,3573.87,2975.84,2839.45,2747.27,2629.56,3375.61,1
1618,1941.08,0.307,21,16,0.507,0.191,3.49,124.17,2793.13,3077.16,2608.75,584.03,2487.19,274.03,1
1619,846.31,0.427,18,15,0.549,0.092,3.94,220.73,683.22,931.31,961.24,1305.66,1072.53,1162.85,1
1620,4280.74,0.234,27,21,0.794,0.078,4.49,574.99,4637.33,4477.04,3500.64,5322.11,6312.98,4071.49,1
1621,2157.6,0.362,19,30,0.485,0.161,4.22,456.91,3151.17,2522.19,1888.26,1927.87,2545.46,1264.96,1
1622,1163.46,0.457,17,10,0.345,0.171,3.0,309.66,1093.55,178.85,1753.89,485.74,696.32,967.97,1
1623,1247.05,0.491,21,14,0.124,0.252,2.72,271.98,445.84,883.44,2182.15,1757.63,1561.89,793.42,1
1624,1945.8,0.44,26,15,0.496,0.079,3.59,304.28,1167.41,2335.56,1940.68,4305.58,3046.42,896.32,0
1625,1507.36,0.309,27,24,0.719,0.057,5.0,439.68,1116.65,1505.45,1187.69,1397.68,1291.02,605.19,1
1626,498.93,0.374,19,19,0.489,0.219,4.18,101.35,413.36,910.81,447.48,274.28,658.13,635.35,0
1627,1760.47,0.484,17,13,0.0,0.345,3.18,835.52,1124.77,1304.55,2904.61,2818.25,0.0,1283.86,0
1628,1977.84,0.374,19,18,0.398,0.213,3.8,86.21,2738.41,2674.9,2956.0,1140.86,3068.0,1688.51,1
1629,457.78,0.193,24,34,0.693,0.152,4.48,19.41,433.35,528.9,474.92,425.42,528.41,532.33,1
1630,2058.56,0.262,19,23,0.789,0.0,3.5,534.28,2737.64,2135.47,1773.44,637.67,688.47,2088.64,0
1631,4481.65,0.296,24,16,0.577,0.078,4.29,795.31,2982.08,4912.04,5918.16,4079.29,4989.32,2412.75,1
1632,792.16,0.286,22,36,0.618,0.1,3.81,192.82,712.13,726.43,1159.79,502.61,342.19,944.56,1
1633,1575.3,0.197,22,20,0.599,0.241,4.01,145.13,1607.58,964.47,1125.34,1965.0,1386.13,2034.65,1
1634,996.97,0.406,14,25,0.534,0.121,3.63,183.77,1324.74,1138.15,902.99,602.29,1271.45,1200.38,1
1635,3839.25,0.305,20,19,0.492,0.184,4.23,831.53,5177.42,4340.56,5191.85,4751.71,3680.09,2827.1,1
1636,2295.62,0.266,13,25,0.719,0.109,3.56,313.36,1967.34,2652.77,2340.55,2231.63,3061.94,1397.47,1
1637,991.88,0.207,21,35,0.816,0.084,3.51,196.93,1195.79,1004.83,891.59,1017.61,1004.96,806.85,0
1638,2208.81,0.115,22,39,0.924,0.038,4.45,157.0,1781.65,2455.26,2255.84,2341.44,2199.3,2234.97,1
1639,3998.93,0.59,17,15,0.061,0.195,2.33,846.12,6053.06,1957.39,4872.85,3872.91,6588.59,7361.27,1
1640,1028.81,0.464,26,11,0.444,0.024,3.38,304.15,388.15,1730.29,490.49,719.34,867.53,666.04,1
1641,1248.01,0.497,20,18,0.352,0.246,3.93,101.08,1525.11,635.1,1304.34,744.22,1232.4,845.42,1
1642,2666.66,0.191,28,37,0.86,0.024,4.35,203.1,3241.11,2611.8,2853.54,2925.59,2720.93,3186.3,1
1643,1189.41,0.235,24,23,0.686,0.005,4.42,327.32,1437.44,1379.75,1052.19,657.78,1170.54,1068.08,1
1644,4731.4,0.315,25,23,0.535,0.158,4.06,353.67,2289.76,3964.35,3570.31,7231.12,6459.61,7284.47,1
1645,1442.58,0.291,29,24,0.699,0.116,4.94,356.68,1254.55,1757.48,1216.44,1498.0,1162.24,1380.31,1
1646,614.82,0.275,18,32,0.737,0.124,3.7,113.39,736.08,556.84,450.6,557.75,474.38,812.33,1
1647,1125.66,0.2,19,34,0.816,0.122,4.26,164.99,1280.79,1152.28,1317.38,1185.63,886.36,1211.93,1
1648,2643.82,0.24,25,21,0.714,0.045,3.88,786.07,2818.71,2529.02,2020.38,2267.15,1286.31,3091.98,1
1649,1113.64,0.211,23,32,0.675,0.057,4.62,283.15,597.01,978.29,1158.01,1071.86,1461.82,1072.09,1
1650,2025.03,0.236,23,19,0.758,0.064,4.02,409.82,2597.95,3101.52,1846.09,1483.83,1594.27,1971.63,1
1651,2196.34,0.251,21,26,0.536,0.177,4.66,17.1,2955.14,1733.35,1806.99,2403.15,2064.79,2427.31,1
1652,670.2,0.361,18,22,0.582,0.019,3.66,158.82,709.79,117.48,1001.75,651.23,1046.87,863.17,1
1653,1225.43,0.37,27,24,0.523,0.146,4.36,115.6,1329.21,860.57,1166.05,1310.54,1161.01,1464.27,1
1654,1541.83,0.382,16,18,0.393,0.218,4.0,250.22,1838.1,1619.16,1147.6,2415.3,1844.78,500.92,1
1655,2385.71,0.308,23,32,0.575,0.171,3.8,430.83,3459.33,2108.67,1823.24,1794.51,1341.38,2575.14,1
1656,1346.29,0.16,25,24,0.959,0.066,4.4,446.67,1400.21,1565.52,1419.27,1318.55,1647.26,1204.97,1
1657,1432.95,0.202,15,27,0.63,0.166,4.09,228.9,1377.6,1717.29,1672.24,954.86,1397.74,1274.91,1
1658,949.49,0.452,15,17,0.439,0.023,3.71,62.84,1113.34,812.75,1495.24,1185.71,512.17,1145.97,1
1659,1312.99,0.623,13,7,0.237,0.292,2.99,390.71,1303.9,0.0,1175.76,1298.68,478.89,2702.79,0
1660,1961.68,0.334,22,24,0.506,0.16,3.37,466.99,1961.84,1121.11,1812.49,1973.04,3068.75,1809.66,1
1661,1297.48,0.252,21,32,0.671,0.169,3.95,312.74,719.1,1286.93,1340.37,1245.94,1105.49,1943.67,1
1662,2363.36,0.163,23,33,0.814,0.008,3.52,706.82,2564.82,1760.49,2427.76,2140.56,1979.33,1940.64,1
1663,907.7,0.347,14,22,0.533,0.049,4.08,288.52,1276.46,791.92,664.66,1693.43,771.37,1295.44,1
1664,1916.2,0.456,27,8,0.362,0.269,2.88,208.22,2807.85,3158.2,3194.13,1949.6,1955.85,2292.56,1
1665,1715.66,0.424,19,25,0.498,0.099,3.51,117.9,2408.03,1965.26,1731.84,1931.54,1826.19,1867.5,0
1666,7289.26,0.232,24,29,0.499,0.13,4.34,1803.34,7199.47,7366.62,8195.14,5359.01,8042.03,9632.42,1
1667,1025.86,0.376,17,23,0.387,0.2,4.02,163.11,1081.98,624.93,1189.37,1366.82,1116.3,780.66,0
1668,1287.38,0.276,18,25,0.597,0.159,3.19,214.04,1710.45,1351.92,1430.82,1243.54,1517.18,1741.05,1
1669,1092.29,0.48,27,16,0.334,0.24,3.59,98.6,1546.78,956.82,566.13,1325.89,949.36,983.13,1
1670,474.5,0.449,10,24,0.0,0.281,3.6,107.57,791.16,525.34,473.14,666.74,915.97,337.7,1
1671,1263.51,0.232,23,19,0.602,0.067,4.01,268.08,1066.17,1476.81,1932.57,1233.03,1120.23,874.33,1
1672,1615.76,0.449,14,16,0.371,0.213,4.09,270.74,1123.64,2266.74,2766.17,1125.06,2596.0,2764.85,1
1673,1365.58,0.592,14,4,0.004,0.305,2.74,94.13,1096.74,1469.78,1492.51,0.0,881.34,2288.17,1
1674,1286.52,0.435,15,20,0.224,0.123,2.64,356.02,758.87,1572.95,1081.25,1069.88,487.65,1019.03,1
1675,955.05,0.444,15,15,0.403,0.24,3.92,191.45,394.76,737.97,14.73,665.71,248.22,1186.3,1
1676,1234.66,0.241,22,24,0.74,0.0,3.85,332.65,1373.99,1571.39,1086.79,894.8,1325.03,1272.3,1
1677,484.07,0.466,8,12,0.293,0.249,2.79,5.69,574.52,283.74,466.36,812.2,746.46,404.38,1
1678,1144.8,0.24,21,36,0.802,0.038,3.97,211.27,1212.56,1087.71,1057.48,1415.26,828.04,1410.3,1
1679,513.61,0.474,17,14,0.263,0.24,3.88,62.99,599.76,814.79,453.28,67.95,299.89,361.29,1
1680,2549.41,0.378,14,16,0.372,0.203,3.16,466.27,1140.35,2085.73,3148.6,2697.38,2921.12,439.59,1
1681,6101.47,0.188,29,26,0.676,0.099,5.0,1558.66,5551.5,4565.41,4955.42,5165.2,6098.56,6399.16,1
1682,433.53,0.327,18,19,0.563,0.152,3.54,90.87,391.9,375.26,472.21,485.56,350.45,443.0,1
1683,1784.59,0.29,20,21,0.71,0.088,3.97,323.81,1809.71,2505.26,1727.5,1370.52,1122.17,1477.39,1
1684,1572.45,0.315,18,22,0.445,0.194,3.28,284.65,848.54,446.37,1134.91,1305.15,1725.72,1129.89,1
1685,1607.08,0.365,20,17,0.561,0.239,3.79,88.74,1062.13,1667.22,2590.39,2172.74,1990.59,691.15,1
1686,1210.36,0.247,26,22,0.595,0.054,3.83,130.08,1079.81,1020.72,1434.04,1455.44,1357.45,1101.87,1
1687,3086.83,0.401,29,16,0.558,0.0,3.0,832.53,4397.58,2879.2,2112.82,4956.42,3119.67,2002.79,1
1688,1392.4,0.54,19,11,0.157,0.21,4.32,194.32,1589.29,1130.34,1781.31,1229.21,598.65,2117.5,1
1689,2559.38,0.434,23,27,0.262,0.18,3.28,694.19,3693.02,3625.24,1017.49,944.03,2908.45,3132.55,1
1690,1000.99,0.468,26,18,0.458,0.137,3.4,246.35,943.61,1026.2,690.07,1432.72,1113.38,773.93,1
1691,672.0,0.267,22,24,0.627,0.067,4.24,168.23,672.18,853.0,909.79,838.06,436.79,765.63,1
1692,2290.96,0.276,27,27,0.551,0.176,4.6,473.39,2606.46,3102.75,2513.18,2688.14,2099.83,2223.02,1
1693,696.58,0.522,21,16,0.146,0.165,3.81,101.09,632.14,707.45,795.19,426.13,829.82,598.6,1
1694,2377.17,0.42,19,21,0.403,0.192,3.06,399.15,1753.39,2018.22,3362.65,1307.99,2299.05,2322.45,1
1695,426.39,0.325,22,27,0.554,0.163,3.91,98.59,219.71,478.71,511.19,500.74,154.4,672.12,1
1696,875.45,0.36,13,19,0.434,0.177,3.08,8.71,687.06,1055.1,791.62,596.24,673.69,1078.36,1
1697,1144.57,0.277,23,37,0.674,0.126,4.34,319.91,1409.93,778.58,1441.73,1046.83,920.24,1049.85,1
1698,981.67,0.306,14,25,0.5,0.193,3.17,137.42,1359.78,1052.47,475.12,1853.4,1149.42,1249.76,1
1699,1673.73,0.183,16,21,0.65,0.11,3.84,289.72,1436.72,1596.0,1469.12,2326.35,2470.25,1936.69,1
1700,1311.07,0.582,17,7,0.111,0.225,3.21,227.85,0.0,990.18,1237.06,1916.19,1413.33,1509.33,0
1701,1528.63,0.487,14,14,0.407,0.193,3.63,270.28,2218.02,1014.57,1936.14,1035.91,637.35,1284.18,1
1702,2224.89,0.345,20,15,0.606,0.149,3.66,166.66,2278.09,1744.45,1975.35,1670.28,2101.65,1921.9,1
1703,1232.58,0.393,20,12,0.522,0.184,4.28,236.83,580.09,1840.8,368.4,1579.3,1237.73,711.79,1
1704,5970.79,0.248,23,27,0.71,0.007,4.32,1358.65,1365.64,5431.94,3121.83,8186.9,7090.84,6237.99,1
1705,2323.01,0.494,14,15,0.303,0.185,3.64,38.2,1217.77,3635.14,2244.89,1736.05,3747.98,1623.36,1
1706,1227.56,0.366,23,21,0.451,0.104,3.17,93.22,1019.45,1286.46,1012.79,1022.21,1852.85,1031.24,1
1707,1432.57,0.29,21,15,0.548,0.161,4.63,360.53,953.31,961.19,1053.88,1469.07,1656.14,1692.25,1
1708,1531.56,0.18,25,33,0.726,0.125,3.88,362.65,1721.89,1584.04,1235.21,1149.47,1531.34,1995.69,1
1709,1898.24,0.122,18,25,0.727,0.075,4.86,387.05,1709.82,1622.78,1929.27,1583.24,2242.23,1985.02,1
1710,630.9,0.459,17,10,0.389,0.136,4.22,79.13,634.49,806.67,1007.91,290.45,530.3,600.46,0
1711,970.74,0.342,24,24,0.575,0.156,3.94,230.31,1758.82,901.76,1015.19,1152.05,988.83,964.51,1
1712,370.84,0.437,22,13,0.258,0.199,3.93,31.06,389.9,509.58,584.28,414.97,331.35,555.46,1
1713,916.39,0.459,16,15,0.383,0.246,2.33,154.88,867.82,1519.25,759.12,1394.52,20.11,1079.44,0
1714,2556.08,0.427,18,25,0.499,0.234,3.72,192.93,2454.54,659.89,3040.62,657.86,3945.71,2767.77,1
1715,1370.42,0.132,18,25,0.729,0.138,4.55,228.92,1491.1,1287.24,1614.3,1096.81,1492.27,1418.15,1
1716,1494.51,0.222,20,18,0.686,0.11,4.46,145.82,1675.05,1093.91,1442.22,1645.45,709.51,1021.32,1
1717,1770.54,0.171,17,31,0.914,0.133,3.71,425.75,1466.47,2424.49,1778.41,1506.32,2074.07,1888.85,1
1718,858.7,0.254,21,41,0.649,0.12,3.86,184.32,769.02,762.66,777.02,684.33,792.52,667.8,1
1719,1441.74,0.416,22,13,0.434,0.138,2.61,193.7,1041.14,652.28,1797.42,2049.69,2035.16,1678.5,1
1720,2253.01,0.326,17,23,0.566,0.095,3.99,602.06,2045.71,3896.2,2914.79,1847.45,2308.6,1713.79,1
1721,1552.23,0.4,19,15,0.316,0.156,2.84,160.65,2686.55,1101.35,1770.37,1281.53,709.34,1919.34,1
1722,3337.68,0.115,23,40,0.902,0.044,4.79,591.36,3574.25,2716.29,3249.78,3241.87,3347.78,3279.04,1
1723,3384.69,0.355,24,18,0.605,0.142,4.25,442.77,3288.94,1994.05,1584.3,3157.3,2306.11,2009.7,1
1724,2377.53,0.215,20,22,0.866,0.0,3.93,569.16,3014.09,2450.77,2352.76,2727.86,1752.05,2228.85,1
1725,1056.98,0.188,20,33,0.687,0.076,4.38,244.66,1094.46,1066.08,1018.8,816.32,1229.42,1495.71,1
1726,1177.76,0.232,18,31,0.546,0.144,3.91,334.67,729.72,949.09,1242.31,1126.3,1284.85,556.03,1
1727,3190.6,0.556,13,23,0.302,0.227,3.54,595.49,6143.87,2329.72,3397.89,5253.63,5848.55,3485.83,1
1728,1637.92,0.43,21,18,0.473,0.15,3.12,0.0,1527.78,1675.3,2745.27,3139.89,1360.18,926.24,1
1729,1471.25,0.411,19,24,0.465,0.166,3.9,214.11,107.4,2271.6,1050.24,651.11,889.14,2303.62,1
1730,682.14,0.487,18,13,0.3,0.133,2.71,208.2,150.27,792.95,158.37,792.2,894.54,953.56,1
1731,1484.97,0.383,25,17,0.346,0.138,2.95,228.69,2126.02,1164.84,835.49,1376.9,1011.06,1590.66,1
1732,2871.34,0.239,27,23,0.649,0.105,3.99,76.37,1786.41,2714.83,2437.19,2803.65,2658.8,3499.96,1
1733,1231.1,0.242,14,20,0.409,0.193,3.79,265.85,1632.42,1460.05,1552.94,996.24,1387.29,1303.85,1
1734,886.29,0.482,20,17,0.232,0.224,3.47,196.69,920.94,1604.7,331.57,1209.47,832.43,888.9,1
1735,1106.15,0.401,20,21,0.206,0.176,3.31,134.76,1422.54,616.6,590.37,1418.37,889.55,840.74,1
1736,3402.85,0.167,21,19,0.881,0.038,4.92,545.34,3256.79,4036.5,3638.26,4837.73,2605.09,3197.58,1
1737,1822.82,0.435,19,15,0.428,0.238,3.52,204.55,2238.23,1574.56,2496.94,774.25,2566.46,1454.49,1
1738,2001.96,0.169,16,32,0.815,0.093,4.3,444.05,2109.06,1452.43,1477.8,1410.59,1877.31,2005.46,1
1739,2155.59,0.388,26,23,0.386,0.165,3.84,397.77,2123.37,631.73,673.7,3873.87,2672.47,573.31,0
1740,719.26,0.372,22,17,0.499,0.094,4.1,62.39,433.84,1076.67,508.55,705.36,849.45,995.09,0
1741,1286.9,0.418,15,11,0.476,0.115,3.72,230.66,1479.75,2068.65,1640.49,1041.19,1873.89,2334.1,1
1742,2340.19,0.365,17,23,0.461,0.155,3.81,284.0,788.07,1854.07,2462.54,2500.99,2138.96,1970.99,1
1743,800.89,0.453,11,11,0.404,0.183,3.76,237.77,1139.0,723.89,528.68,294.61,674.68,1227.36,1
1744,2915.76,0.175,21,27,0.682,0.128,3.35,733.3,3016.25,2006.54,3292.96,3107.5,2350.41,2847.35,1
1745,2290.42,0.204,21,26,0.688,0.117,3.42,389.87,2507.59,2646.94,2348.57,2252.86,2036.54,2008.63,1
1746,1802.06,0.456,14,20,0.385,0.155,3.56,336.06,0.0,1778.74,1713.64,2684.48,2082.42,1488.32,1
1747,2065.74,0.128,27,28,0.688,0.073,4.18,539.37,1768.73,1656.2,1639.82,2291.84,1850.17,2088.34,1
1748,3103.14,0.265,27,26,0.827,0.166,4.2,515.47,2687.38,3271.45,2469.74,3876.14,3362.73,2510.19,1
1749,398.93,0.589,16,5,0.091,0.219,3.13,96.01,557.33,72.23,859.06,443.8,743.94,541.46,0
1750,1313.14,0.364,18,19,0.515,0.077,3.9,391.57,862.53,1579.6,1152.41,2079.94,1100.35,1064.95,1
1751,2876.52,0.173,25,33,0.767,0.0,3.71,404.81,4145.55,2337.23,2399.99,3163.52,2221.9,2342.0,1
1752,1542.35,0.391,19,16,0.275,0.184,3.59,480.74,1383.46,1745.75,1311.68,1220.64,1292.89,1530.33,1
1753,1660.02,0.554,12,4,0.233,0.259,2.64,478.77,725.41,1059.3,1769.57,915.62,351.32,1021.67,0
1754,1462.17,0.146,20,37,0.67,0.074,4.29,292.26,1422.39,958.5,1650.23,1313.87,1746.23,1392.48,1
1755,933.07,0.378,18,20,0.485,0.223,2.93,134.82,597.97,1284.11,1151.93,1140.57,962.97,913.94,1
1756,533.55,0.398,21,18,0.509,0.142,3.85,106.12,282.06,756.71,389.88,250.79,378.87,249.07,1
1757,912.11,0.553,17,13,0.203,0.275,2.71,146.34,1421.77,649.06,1553.14,990.3,629.86,1647.56,0
1758,2191.88,0.306,22,24,0.585,0.086,3.82,255.53,2536.44,2376.11,2738.82,1632.73,1398.27,2737.44,1
1759,1653.09,0.407,13,14,0.36,0.143,3.92,367.95,2000.11,1947.69,1353.81,810.57,2332.91,1229.48,1
1760,611.15,0.429,22,15,0.334,0.191,3.71,59.97,946.17,734.61,577.51,324.7,1093.23,606.13,1
1761,3931.12,0.055,24,34,1.0,0.044,3.75,601.13,4035.76,4302.14,4060.27,3926.01,3609.89,4067.82,1
1762,917.56,0.448,29,20,0.418,0.156,3.29,141.27,479.15,1088.75,1358.96,1231.26,1346.05,1003.28,1
1763,1288.87,0.384,19,22,0.524,0.154,3.19,91.22,1639.7,1111.8,537.02,954.23,1167.15,2219.53,1
1764,1124.0,0.296,22,28,0.57,0.157,3.24,261.53,749.34,1266.31,1147.43,433.63,1545.51,1044.64,1
1765,2758.92,0.194,30,27,1.0,0.0,4.31,446.21,2502.92,2528.68,2742.25,4448.1,1776.88,3395.63,1
1766,1186.42,0.502,18,17,0.112,0.225,3.55,336.83,1159.16,551.17,846.22,1852.81,1320.79,390.75,1
1767,1965.71,0.393,19,10,0.298,0.17,3.81,315.35,1852.03,2907.87,1520.95,2685.83,1650.64,1053.63,1
1768,2606.11,0.549,12,9,0.116,0.218,3.42,384.33,42.98,3370.48,4114.89,4935.56,3549.25,5016.54,1
1769,1941.71,0.405,25,19,0.389,0.193,3.61,208.98,1180.63,477.43,2362.27,2014.37,1989.8,1601.95,1
1770,821.43,0.399,15,15,0.519,0.115,3.54,150.42,814.04,597.14,1512.53,777.14,828.73,438.43,0
1771,2023.44,0.316,22,25,0.609,0.017,3.41,371.45,1632.61,2508.31,1658.78,2891.11,1955.61,1992.89,1
1772,4574.07,0.29,19,17,0.578,0.114,3.69,1094.76,6069.03,2498.29,4756.1,6364.75,6647.82,6251.84,0
1773,1989.75,0.355,19,17,0.506,0.09,3.17,368.82,2907.42,1457.22,2208.79,2424.85,1866.0,1449.73,1
1774,2572.41,0.213,17,29,0.783,0.099,3.78,893.95,1957.16,4033.97,3064.49,3057.03,3047.03,2549.51,1
1775,557.8,0.427,24,18,0.532,0.177,3.58,120.76,572.05,478.9,881.56,262.56,707.6,115.81,1
1776,1219.78,0.534,15,17,0.157,0.122,3.16,123.26,2249.87,1924.43,1280.7,1052.21,1798.25,914.64,0
1777,861.96,0.404,13,12,0.261,0.166,4.7,81.27,815.22,1384.48,480.72,1455.3,508.59,1209.22,1
1778,1063.35,0.338,25,25,0.505,0.161,3.2,236.9,916.9,736.42,807.53,1352.81,1317.84,781.1,1
1779,1106.65,0.419,16,22,0.107,0.173,3.42,109.04,1505.32,1230.1,1172.8,429.08,1262.77,517.19,1
1780,1519.71,0.343,21,21,0.467,0.192,3.14,345.87,1376.79,2592.81,2104.92,1242.89,899.74,1115.18,0
1781,955.5,0.41,22,17,0.467,0.206,3.41,240.45,1453.1,1135.42,389.16,1558.85,872.33,716.78,0
1782,2091.37,0.168,25,34,0.844,0.051,4.05,530.33,1882.12,2923.64,1679.73,2251.53,2898.58,2360.43,1
1783,931.3,0.343,11,19,0.503,0.106,4.06,102.88,779.86,728.07,1172.9,989.34,806.27,1052.49,1
1784,2525.01,0.354,24,33,0.655,0.0,3.73,640.64,3230.7,4129.99,1369.68,2714.31,2196.66,3036.7,1
1785,1955.8,0.151,22,33,0.857,0.096,4.08,402.52,1985.43,1960.72,1624.25,1931.18,2088.63,1964.18,1
1786,1315.22,0.56,16,18,0.324,0.289,3.14,172.78,1395.07,1074.02,2152.31,929.1,916.86,858.68,1
1787,2413.21,0.366,19,28,0.501,0.235,3.14,403.6,725.68,2978.9,2217.6,1676.46,2537.35,1727.03,1
1788,1640.52,0.321,14,16,0.49,0.138,3.51,357.15,1454.41,1581.83,1483.69,2172.58,1404.12,1868.2,1
1789,1428.32,0.378,21,24,0.297,0.141,3.57,180.21,1895.16,1382.63,2167.61,1556.67,1645.73,2286.85,1
1790,379.81,0.264,16,25,0.699,0.137,3.96,77.54,301.22,428.47,273.22,450.72,373.61,285.47,1
1791,1331.64,0.534,15,11,0.195,0.215,3.45,393.7,1829.51,47.14,433.51,1720.09,2718.64,608.31,0
1792,715.24,0.509,19,20,0.337,0.21,3.39,183.9,812.81,424.44,1308.45,1228.16,731.99,301.67,0
1793,1622.9,0.215,25,30,0.56,0.145,3.82,302.77,1553.11,1875.4,1704.43,1781.76,1545.11,1913.45,1
1794,1236.58,0.509,14,13,0.3,0.2,2.65,245.75,2091.13,1860.64,1664.38,1754.95,1884.49,1210.06,0
1795,4358.08,0.21,28,25,0.723,0.141,4.33,596.86,4047.55,4684.5,4073.83,4510.93,3086.99,4865.57,1
1796,5660.68,0.242,26,24,0.748,0.136,3.85,788.01,5290.98,6038.21,5514.8,4364.1,7975.81,4965.52,1
1797,700.76,0.397,17,26,0.397,0.144,3.9,39.96,642.04,812.65,505.03,638.01,425.85,872.69,0
1798,573.24,0.416,16,24,0.559,0.084,4.31,114.7,592.43,801.5,649.05,713.83,857.43,504.69,1
1799,1312.55,0.418,13,19,0.333,0.062,3.56,307.92,1733.38,529.99,1768.72,1684.39,2111.79,464.86,0
1800,1653.89,0.292,21,18,0.523,0.122,3.31,288.33,941.95,1407.57,1748.64,2355.42,1399.67,2100.08,1
1801,475.03,0.485,14,12,0.145,0.179,3.3,52.16,674.91,457.89,719.32,369.12,376.08,466.68,0
1802,1649.68,0.318,25,24,0.511,0.163,3.99,305.67,1685.36,1752.25,1996.71,1768.08,1592.48,1487.11,1
1803,1477.38,0.474,15,9,0.306,0.177,3.23,424.51,1865.68,0.0,742.58,1386.86,1912.99,1674.52,0
1804,694.75,0.262,18,21,0.595,0.11,3.79,174.97,1129.48,466.22,668.45,989.98,513.35,432.27,1
1805,742.14,0.383,20,16,0.493,0.187,3.86,131.84,596.76,737.41,614.73,849.1,711.1,864.53,1
1806,946.48,0.259,18,24,0.599,0.14,4.09,325.39,645.91,1195.14,1131.4,1043.57,869.55,800.25,1
1807,916.23,0.531,17,4,0.018,0.26,3.09,362.73,1010.58,712.2,1140.97,898.86,355.67,840.22,0
1808,2061.74,0.47,22,18,0.451,0.242,2.85,291.92,2403.24,1415.04,2185.27,1843.49,1048.38,3166.54,1
1809,1205.93,0.275,21,26,0.549,0.17,3.97,193.35,1494.59,1381.01,1541.61,726.16,1248.4,1418.61,1
1810,1525.59,0.36,21,20,0.567,0.107,3.5,359.22,1229.98,1345.45,501.2,833.1,1586.27,1428.74,1
1811,5201.55,0.426,20,20,0.508,0.124,3.73,556.37,3362.8,7152.81,3865.57,5597.7,3509.28,4977.64,1
1812,801.66,0.184,16,26,0.879,0.09,4.2,198.76,575.08,768.95,725.06,809.66,813.37,423.2,0
1813,930.63,0.361,21,28,0.427,0.173,2.86,175.07,470.59,555.46,1015.32,992.67,712.99,654.14,1
1814,2257.95,0.324,21,20,0.62,0.059,3.89,473.56,1953.28,3298.45,2662.85,2947.46,3215.32,2380.36,1
1815,2280.03,0.478,21,17,0.293,0.242,3.6,305.44,2153.05,3627.6,2278.61,2381.26,2167.87,1447.74,0
1816,2064.87,0.246,23,26,0.571,0.19,4.15,241.56,3111.96,1580.41,1398.14,1888.26,2621.36,1392.32,1
1817,4603.79,0.326,21,30,0.509,0.202,4.0,97.43,2066.64,5196.95,5213.54,4289.04,2066.48,5323.53,1
1818,2016.43,0.284,25,34,0.584,0.201,3.06,602.47,2208.22,1829.63,2089.66,2155.9,2200.99,2763.48,1
1819,449.46,0.256,20,25,0.693,0.2,4.39,114.75,365.9,520.71,280.41,405.72,518.06,366.43,1
1820,1809.41,0.23,23,21,0.762,0.166,4.24,423.16,1901.99,1445.62,1686.69,2251.58,1752.13,2172.91,1
1821,986.73,0.33,19,26,0.445,0.176,3.31,205.11,806.78,1270.32,1108.39,983.06,811.46,1222.49,0
1822,3974.25,0.279,24,40,0.78,0.065,3.72,0.0,5123.73,5300.88,5809.64,4253.65,3803.41,2889.8,1
1823,2259.61,0.389,18,20,0.392,0.081,3.72,270.95,3163.11,1427.96,1303.54,1542.76,2911.4,1620.79,1
1824,518.58,0.495,24,13,0.073,0.252,3.63,82.72,489.57,535.95,721.3,791.79,208.01,981.19,0
1825,4116.04,0.322,29,27,0.645,0.135,3.65,384.82,6022.43,5726.83,2690.03,6022.24,5043.98,2636.32,1
1826,3548.76,0.14,27,33,0.784,0.076,4.62,157.98,3927.56,3049.74,2915.56,2869.45,3707.42,3245.26,1
1827,1049.57,0.539,23,11,0.339,0.091,2.58,106.86,1837.25,671.27,364.26,1276.33,902.06,2161.46,1
1828,1528.83,0.13,18,26,0.973,0.013,3.9,281.2,1520.28,1660.06,1648.81,1507.44,1485.59,1416.03,1
1829,2348.44,0.46,13,23,0.307,0.225,2.66,432.0,3376.06,2174.95,2488.68,2655.1,2415.23,3809.21,1
1830,399.56,0.356,18,21,0.505,0.092,3.34,100.93,290.15,175.22,354.75,463.95,635.77,254.01,1
1831,1635.54,0.468,19,17,0.54,0.143,4.12,564.35,970.41,1390.63,1985.7,0.0,1901.7,1741.29,1
1832,3082.7,0.224,21,31,0.773,0.098,4.86,724.01,4585.61,4286.81,3110.85,3606.34,2432.75,3831.41,1
1833,1258.26,0.264,15,31,0.703,0.15,4.12,208.82,897.52,1943.56,1294.97,1627.8,1113.65,1102.96,1
1834,2273.79,0.41,24,20,0.7,0.181,3.45,736.77,1866.82,1679.27,1990.54,3416.76,1205.69,2366.86,1
1835,2207.97,0.168,30,38,0.779,0.056,4.07,118.01,1504.11,1869.28,1826.91,1857.66,1507.15,2484.05,1
1836,1254.33,0.245,28,22,0.842,0.069,4.38,17.18,994.61,1113.7,1773.66,1244.82,897.49,977.37,1
1837,1080.01,0.258,26,24,0.543,0.145,3.3,117.79,803.27,1581.56,1469.81,930.01,1113.44,1703.6,1
1838,2090.38,0.363,20,13,0.309,0.225,3.44,512.09,1581.8,2729.31,3296.89,637.2,3056.98,2877.74,0
1839,905.47,0.333,17,20,0.533,0.164,4.41,175.19,995.8,1346.48,743.01,718.55,1205.42,797.85,1
1840,520.58,0.418,19,20,0.412,0.238,3.2,46.71,638.23,737.75,372.3,284.84,269.37,469.52,1
1841,1668.53,0.442,27,20,0.376,0.059,3.22,203.28,925.48,694.81,1362.66,1915.42,1079.85,3079.42,1
1842,801.28,0.513,16,18,0.156,0.252,3.41,64.65,476.97,411.6,1242.4,131.26,415.77,655.56,1
1843,578.02,0.443,17,18,0.411,0.192,3.65,46.63,855.43,399.78,577.97,327.23,0.0,457.13,1
1844,1454.65,0.509,23,17,0.272,0.19,3.26,442.34,2716.99,1068.26,1052.56,1070.12,1330.56,2303.1,0
1845,2769.1,0.282,26,25,0.659,0.0,3.95,466.66,3751.4,2238.57,3053.69,3371.47,3397.36,1673.67,1
1846,1439.11,0.246,18,23,0.706,0.09,4.19,462.77,856.98,1240.4,1178.71,2421.31,1349.87,1411.41,0
1847,674.32,0.374,18,18,0.401,0.134,4.43,73.36,973.95,835.67,332.87,750.67,354.93,695.52,1
1848,1385.14,0.518,15,15,0.166,0.312,3.31,303.75,2715.56,1482.6,1477.89,644.38,778.56,880.07,1
1849,2555.19,0.391,20,25,0.579,0.144,3.67,506.35,859.13,3775.05,2039.08,1876.04,2226.32,989.48,1
1850,8327.09,0.084,29,33,1.0,0.0,5.0,2084.89,9083.85,8503.12,8317.52,8787.04,8865.44,8375.39,1
1851,2599.3,0.427,15,18,0.342,0.082,3.28,520.81,2849.05,1849.37,0.0,1106.7,2396.58,3362.44,1
1852,981.22,0.286,26,20,0.779,0.105,3.46,253.95,889.26,1034.19,730.45,1289.5,1159.69,790.33,1
1853,2324.8,0.422,20,15,0.483,0.184,3.81,521.54,2429.03,841.3,2280.58,2593.18,2244.96,1166.7,0
1854,2379.79,0.211,30,31,0.684,0.088,4.53,220.6,2601.88,1221.51,1620.05,2317.13,2498.43,3009.12,1
1855,535.52,0.618,18,11,0.064,0.284,3.36,127.78,918.7,748.43,44.83,0.0,224.31,710.34,1
1856,1524.94,0.441,19,27,0.383,0.157,3.55,261.91,2268.94,2209.94,1551.02,2144.07,1063.58,1281.56,1
1857,5334.78,0.333,24,22,0.701,0.148,3.38,628.77,2656.84,5462.96,6581.55,3981.3,3103.1,6971.21,1
1858,2164.9,0.532,16,14,0.332,0.237,3.31,509.87,1417.87,1714.26,1137.98,2341.9,2857.78,2443.29,1
1859,610.13,0.359,13,16,0.494,0.065,4.23,154.8,630.63,316.11,552.69,575.69,546.33,1002.16,1
1860,1054.18,0.553,16,13,0.301,0.125,2.81,148.97,1970.09,1733.98,914.93,131.52,0.0,1441.1,1
1861,1372.94,0.535,16,10,0.153,0.333,3.16,208.62,0.0,1734.67,225.5,1203.51,1726.32,352.16,1
1862,450.83,0.302,15,22,0.539,0.182,3.75,31.12,367.79,490.4,611.75,286.31,583.24,361.28,1
1863,558.9,0.315,21,18,0.52,0.077,3.66,19.91,289.61,558.05,526.65,443.98,415.84,451.23,1
1864,1103.85,0.416,11,12,0.39,0.094,3.75,177.29,474.95,888.19,1024.74,1302.61,1324.42,1246.02,0
1865,1554.86,0.318,19,29,0.451,0.168,4.01,378.4,2041.89,1004.8,1739.14,1901.93,1451.23,1404.91,0
1866,592.01,0.204,24,30,0.913,0.0,4.3,79.41,527.66,622.59,403.27,589.81,335.78,455.62,1
1867,1854.14,0.356,21,18,0.562,0.114,3.4,545.53,312.1,1498.3,2462.0,1270.06,3144.6,2243.42,1
1868,2537.87,0.376,18,15,0.486,0.146,3.08,415.18,2386.75,2133.51,3539.91,1920.38,2343.57,3491.75,1
1869,958.24,0.539,17,12,0.361,0.175,3.44,157.07,2009.1,1844.95,1030.78,615.1,1062.21,905.21,0
1870,1339.46,0.355,17,22,0.404,0.225,3.56,210.13,479.26,1316.57,1559.53,321.97,1042.08,1439.19,1
1871,1464.59,0.537,17,11,0.137,0.328,3.96,378.64,1883.44,0.0,1208.31,1522.17,1232.32,704.16,1
1872,1631.4,0.421,19,21,0.508,0.119,4.28,168.5,2709.14,1263.3,2224.89,486.04,1742.54,1272.18,1
1873,397.72,0.477,15,17,0.3,0.138,4.26,67.49,388.35,207.8,241.65,412.17,200.01,306.38,1
1874,633.35,0.571,18,10,0.369,0.197,2.88,86.27,1330.85,582.98,621.62,105.36,1246.18,835.43,0
1875,1155.54,0.358,21,27,0.585,0.205,4.01,156.08,882.93,567.02,1166.81,657.16,1501.83,1261.32,1
1876,858.79,0.305,20,23,0.646,0.088,4.16,157.0,1237.09,972.24,848.67,1033.72,994.01,772.54,1
1877,3278.26,0.538,26,14,0.285,0.241,3.57,560.37,5413.63,2755.75,5165.12,3321.62,3028.04,2626.36,1
1878,1805.95,0.392,18,11,0.372,0.135,3.42,477.01,1782.94,1469.47,3353.72,472.76,1267.53,414.07,1
1879,703.43,0.307,19,28,0.463,0.155,4.27,126.01,382.48,735.72,679.72,582.83,925.73,1049.99,1
1880,972.99,0.476,16,10,0.285,0.141,3.44,218.34,509.06,937.48,1190.82,1094.3,1255.81,7.17,1
1881,2886.26,0.276,18,27,0.612,0.118,4.09,559.42,1015.89,2778.78,2246.02,2392.15,2567.57,3222.87,1
1882,1243.71,0.2,25,23,0.751,0.077,3.52,363.54,1391.15,1188.08,1499.78,1158.56,974.59,1253.07,1
1883,2085.94,0.437,17,11,0.449,0.188,3.93,325.01,2518.72,2067.41,1613.76,2308.65,648.01,1843.52,1
1884,3095.73,0.326,18,27,0.667,0.192,3.69,483.04,3175.66,3442.0,6269.2,3140.83,3124.56,3087.46,1
1885,2701.76,0.371,18,23,0.514,0.122,3.89,647.35,2578.67,2920.4,1025.93,1706.48,2452.08,2036.76,0
1886,1185.39,0.417,14,13,0.528,0.038,3.6,183.4,1856.1,1742.12,2246.32,1196.41,1771.14,1507.91,1
1887,1764.33,0.528,10,10,0.013,0.257,3.35,387.93,2041.84,1254.89,2688.03,1496.56,2688.95,540.25,0
1888,670.46,0.549,14,10,0.011,0.282,3.14,246.08,466.27,758.13,257.31,1305.19,684.78,791.14,1
1889,8342.76,0.151,26,34,0.726,0.099,4.45,848.32,8528.24,11424.44,11264.88,8212.89,8240.56,7488.89,1
1890,1572.21,0.351,20,24,0.559,0.122,3.58,475.65,2703.08,1549.59,1059.43,1646.76,935.89,1336.41,1
1891,4366.36,0.119,30,35,0.881,0.124,3.75,614.01,4688.58,4365.23,4203.57,4500.9,4915.83,4159.25,1
1892,1112.07,0.406,22,26,0.252,0.214,3.78,319.18,935.93,541.37,526.37,966.48,1086.44,1037.38,1
1893,1647.51,0.481,20,19,0.238,0.205,3.06,386.97,1612.29,1082.67,1531.52,1077.35,2126.87,2045.2,0
1894,2430.02,0.346,28,17,0.431,0.123,3.26,554.11,2820.18,2340.46,2385.65,2817.14,3420.87,2399.88,1
1895,631.78,0.461,17,11,0.127,0.151,2.95,106.09,509.27,787.0,873.29,767.94,467.22,903.24,0
1896,979.23,0.2,23,34,0.915,0.058,4.25,156.64,879.67,1106.08,1455.69,1386.18,817.46,1183.41,1
1897,1322.34,0.339,21,26,0.532,0.149,3.8,161.64,1317.26,1468.78,1092.11,1655.55,2430.35,1460.92,1
1898,2459.01,0.566,23,16,0.201,0.167,2.43,443.86,4573.28,3578.15,0.0,3515.78,3286.39,3409.04,0
1899,353.09,0.56,17,14,0.169,0.226,3.11,58.36,509.41,155.59,481.25,494.93,298.03,753.28,0
1900,934.71,0.423,16,16,0.356,0.174,4.03,182.53,772.8,1128.0,717.15,661.79,1424.9,375.96,1
1901,2996.81,0.394,21,9,0.329,0.157,3.41,201.23,4021.68,3012.56,5141.4,1513.22,2633.27,4265.95,1
1902,442.62,0.542,13,8,0.151,0.192,3.2,80.47,444.68,472.57,434.33,201.94,520.67,813.09,0
1903,4459.98,0.131,27,39,0.975,0.046,4.84,1253.31,4660.68,4248.94,4017.84,4860.69,4129.01,4712.57,1
1904,577.09,0.545,19,9,0.303,0.183,3.6,147.46,656.82,277.52,258.67,1023.97,571.76,1175.62,1
1905,775.86,0.365,19,20,0.546,0.104,4.11,141.08,178.47,431.87,952.2,983.65,698.28,1278.0,1
1906,1244.49,0.434,21,20,0.291,0.154,2.47,479.12,0.0,1417.64,1095.88,1154.36,838.51,1062.51,1
1907,2660.55,0.542,11,11,0.262,0.198,3.97,356.01,2987.24,3378.24,4776.36,5077.6,3010.65,2285.1,1
1908,698.84,0.58,17,14,0.167,0.275,3.45,120.95,353.36,646.36,613.54,519.13,440.16,913.78,1
1909,593.4,0.167,21,35,0.742,0.095,5.0,37.95,430.83,591.93,733.69,479.53,650.52,531.5,0
1910,710.8,0.435,30,16,0.351,0.17,3.19,104.99,456.37,487.87,283.61,789.11,616.53,1549.99,0
1911,2020.67,0.522,18,12,0.308,0.208,2.69,652.73,2996.44,2551.55,185.91,3383.97,205.46,2853.13,0
1912,517.75,0.361,16,20,0.387,0.241,3.58,78.06,584.72,529.1,672.95,359.82,633.95,526.46,1
1913,2968.68,0.22,17,23,0.779,0.1,4.0,171.51,3472.91,2729.81,2665.26,1854.87,3385.25,2047.34,1
1914,1407.49,0.464,23,19,0.217,0.229,3.69,351.53,1703.39,1973.09,1235.37,1432.11,2879.2,1572.01,0
1915,1276.66,0.314,18,20,0.624,0.146,4.13,269.55,908.54,1535.08,871.14,1585.73,1283.76,801.64,1
1916,1721.2,0.227,18,37,0.502,0.137,3.95,424.19,2024.65,1121.03,1297.02,562.74,1792.83,2018.15,1
1917,931.66,0.335,22,23,0.569,0.137,3.69,145.56,1114.53,947.01,1130.11,1236.79,1081.07,150.5,0
1918,1556.42,0.394,22,19,0.462,0.13,3.86,154.75,1484.44,969.33,1544.87,719.01,2181.17,2404.2,1
1919,909.23,0.2,25,25,0.838,0.0,4.08,150.31,919.93,934.6,716.46,1041.03,1083.28,832.11,1
1920,2248.1,0.591,16,12,0.082,0.267,3.07,504.45,3301.19,0.0,3298.64,0.0,2671.73,0.01,0
1921,632.53,0.432,18,17,0.379,0.193,3.84,110.19,427.55,686.44,953.86,229.16,623.51,628.04,1
1922,2522.98,0.135,25,28,0.868,0.039,4.82,532.44,2894.34,2766.02,2485.83,2734.19,2810.63,2528.72,1
1923,902.83,0.263,23,25,0.587,0.175,4.46,123.74,1036.81,876.56,1140.68,1191.08,885.15,887.58,1
1924,951.96,0.432,20,21,0.287,0.162,3.49,203.73,952.88,472.99,539.99,948.2,421.82,1519.33,1
1925,1252.4,0.366,24,15,0.509,0.054,2.89,225.13,1953.69,2148.39,1516.75,2349.44,564.86,1426.84,1
1926,9242.27,0.218,21,24,0.496,0.111,3.88,1141.7,6634.07,11571.63,9568.21,7181.64,8651.31,10846.46,1
1927,1639.77,0.127,20,25,0.965,0.0,3.93,313.52,1543.58,1528.76,1474.31,1423.35,1664.84,1587.78,1
1928,877.35,0.368,20,17,0.622,0.131,3.75,130.78,656.86,792.99,1540.85,779.68,1676.25,1015.34,1
1929,1078.69,0.4,22,17,0.548,0.095,3.33,247.42,1233.3,223.36,1179.19,927.65,1026.86,513.73,0
1930,347.97,0.578,10,19,0.37,0.227,3.34,86.94,585.59,443.11,229.24,404.94,357.34,399.84,0
1931,1313.95,0.133,16,31,0.769,0.126,3.78,289.23,1141.96,1074.39,1317.39,1183.98,1243.21,1181.29,1
1932,5149.15,0.337,25,23,0.53,0.091,3.39,253.34,10886.88,6305.84,3639.52,6134.24,6223.28,7439.79,1
1933,2636.62,0.122,30,43,0.636,0.071,4.76,271.09,2424.3,2965.28,2266.01,2810.76,2726.42,2660.8,1
1934,1586.85,0.541,12,12,0.193,0.249,2.95,204.82,1896.4,1526.55,1201.15,2971.51,1039.01,2155.75,0
1935,819.37,0.336,20,19,0.651,0.156,3.76,95.29,820.11,526.68,714.41,684.51,541.25,891.5,1
1936,1427.97,0.228,21,23,0.644,0.008,4.45,195.02,1442.97,1833.82,1166.67,1537.46,1297.23,2014.9,1
1937,1934.92,0.202,22,31,0.76,0.094,4.53,491.51,1625.21,1935.77,2423.91,2171.71,1605.3,1325.06,1
1938,1088.47,0.221,23,36,0.64,0.0,4.35,256.76,1344.98,1110.87,904.47,1086.73,1032.93,1061.13,1
1939,1527.42,0.378,15,15,0.523,0.112,3.86,223.14,1033.87,989.01,988.61,1405.08,1609.19,972.51,0
1940,2387.26,0.114,19,31,0.982,0.079,4.61,542.73,1904.68,2439.93,2063.78,1824.24,2250.53,1828.1,1
1941,2031.5,0.309,20,20,0.454,0.307,4.42,419.11,1327.44,1904.17,1227.04,2083.83,2944.22,1388.28,1
1942,1545.2,0.12,22,37,0.644,0.097,4.3,274.07,1812.7,1299.31,1735.36,1655.41,1759.78,1762.12,1
1943,3073.87,0.155,19,33,0.928,0.0,3.48,835.66,3668.09,3710.63,3196.55,3046.4,2964.79,3059.53,1
1944,1386.49,0.353,24,27,0.617,0.09,3.63,176.22,404.67,2246.94,1724.15,1003.85,914.88,1278.99,1
1945,1326.79,0.228,21,29,0.717,0.094,4.39,244.42,1572.83,1634.65,1634.72,819.05,1317.78,1560.67,1
1946,3336.54,0.346,19,13,0.687,0.065,3.58,320.08,1047.44,4340.02,2951.58,3859.81,3182.09,3469.86,1
1947,877.87,0.224,23,27,0.604,0.073,4.72,87.58,872.52,1224.53,1167.01,884.38,865.54,998.33,1
1948,357.04,0.625,16,7,0.2,0.199,3.16,25.4,87.54,123.3,217.16,667.19,268.22,429.08,0
1949,1271.81,0.097,28,37,0.931,0.057,4.44,128.62,1381.42,1141.43,1136.98,1093.46,1142.68,1338.59,1
1950,1194.44,0.505,13,19,0.257,0.197,3.76,222.94,1529.11,944.4,1419.87,910.66,1215.49,923.11,0
1951,2472.86,0.396,14,21,0.276,0.157,3.63,385.27,3431.5,2764.35,2614.32,1179.8,2129.5,3497.56,0
1952,1268.14,0.121,23,33,0.907,0.01,4.46,200.89,1222.94,1223.34,1290.03,1425.13,1228.04,1082.55,1
1953,3714.59,0.463,19,12,0.402,0.149,3.87,579.72,3385.6,1960.69,5460.46,5845.15,3876.16,3566.75,1
1954,1597.6,0.135,18,26,0.833,0.012,3.67,514.14,1274.34,1598.82,1620.5,2012.14,1582.65,1834.12,1
1955,1050.35,0.397,14,19,0.537,0.1,3.54,93.51,621.19,1011.04,1180.73,1267.51,1080.43,986.19,1
1956,752.24,0.484,19,21,0.444,0.191,3.85,60.53,1097.53,1058.5,1247.16,1039.55,607.66,595.4,1
1957,4461.7,0.317,18,25,0.502,0.133,3.89,501.34,4981.66,4524.76,4839.25,5079.09,4971.58,7701.57,1
1958,1121.73,0.286,15,21,0.598,0.033,4.39,195.46,1155.23,510.17,1280.44,1305.76,891.24,1577.25,1
1959,699.49,0.34,24,23,0.406,0.22,3.1,154.71,999.69,791.18,362.28,711.16,440.71,733.18,1
1960,5535.9,0.347,17,19,0.476,0.172,3.03,1270.42,3041.3,8570.9,12671.91,6723.26,3828.28,3673.83,0
1961,2371.08,0.208,27,28,0.752,0.013,4.36,605.98,2726.05,2385.33,1586.91,3425.93,2037.52,1367.93,1
1962,2312.82,0.267,20,18,0.465,0.135,4.14,396.28,1583.9,2922.94,1979.42,2448.0,1516.74,2750.9,1
1963,3402.02,0.509,19,16,0.393,0.132,3.42,504.5,5959.59,2527.87,2416.35,3443.57,472.67,5592.7,0
1964,2428.2,0.182,22,31,0.696,0.13,4.26,754.39,2668.79,2678.19,3359.69,2515.73,2650.67,2603.08,1
1965,2426.53,0.105,13,32,0.822,0.046,4.6,0.0,2672.34,2236.76,2273.46,2388.53,2751.28,1990.54,1
1966,1658.47,0.1,19,33,0.876,0.047,3.9,306.85,1541.95,1617.53,1731.85,1699.39,1751.09,1685.09,1
1967,1927.12,0.447,18,17,0.314,0.182,3.29,413.18,3808.33,1721.4,1441.95,1769.36,1510.64,1507.4,1
1968,1620.45,0.257,23,16,0.58,0.051,4.05,534.58,2451.29,1818.62,1188.07,2096.03,906.91,1687.66,1
1969,1096.61,0.355,13,24,0.557,0.201,4.07,51.71,1264.15,775.77,1318.64,1503.05,1171.33,1853.17,0
1970,1078.93,0.555,16,13,0.152,0.265,2.75,157.94,1782.6,201.85,648.46,2375.75,116.58,1551.57,0
1971,773.27,0.509,13,20,0.148,0.196,3.32,55.2,654.44,958.32,854.98,764.0,739.16,1000.03,1
1972,1640.37,0.46,19,8,0.36,0.189,3.34,59.28,682.39,1967.03,2113.67,1858.36,1036.51,1606.13,1
1973,1943.02,0.267,20,22,0.507,0.192,3.98,317.95,2355.1,2001.27,2930.38,2070.91,762.07,2157.64,1
1974,3172.83,0.116,26,26,0.713,0.095,4.23,782.57,2834.27,3516.38,2708.01,3246.33,3718.06,2906.56,1
1975,1951.66,0.427,22,18,0.105,0.322,3.24,539.59,3042.52,1782.94,1824.43,2892.47,906.1,2413.69,1
1976,5761.37,0.241,24,30,0.768,0.224,4.54,791.9,7216.76,6152.14,5606.55,3504.39,5267.2,5492.8,1
1977,2106.62,0.602,20,8,0.057,0.249,2.97,491.52,2405.1,1662.61,2107.8,2691.21,1942.97,1063.27,1
1978,1526.37,0.216,22,24,0.697,0.067,4.08,250.6,1585.48,1441.1,2373.29,2184.36,1371.26,1795.07,0
1979,2320.96,0.326,30,27,0.51,0.093,3.05,521.12,3069.12,2578.25,2189.88,3351.7,2672.3,633.34,1
1980,2510.89,0.454,14,18,0.422,0.054,3.25,683.86,2823.76,5093.7,0.0,3933.64,1666.55,1890.29,1
1981,736.74,0.352,18,13,0.404,0.232,3.91,121.16,631.96,929.02,685.34,954.87,835.67,895.61,1
1982,5684.38,0.377,25,33,0.675,0.084,4.03,1512.94,2441.01,6859.25,5430.87,4408.49,6366.47,8306.87,1
1983,985.5,0.362,23,22,0.713,0.135,4.06,81.76,1327.84,1261.63,899.45,717.8,493.63,1153.91,1
1984,2149.03,0.522,20,13,0.406,0.222,3.67,499.69,2560.39,0.0,1342.29,1316.04,2413.78,1394.55,1
1985,1585.17,0.337,23,22,0.656,0.052,4.68,416.41,3059.03,1755.88,878.47,976.27,1021.46,1557.93,1
1986,876.11,0.473,10,14,0.339,0.139,3.17,222.9,836.36,1253.42,1771.04,1268.4,393.05,996.82,1
1987,564.47,0.55,23,7,0.111,0.329,2.57,48.09,658.22,590.68,663.27,1020.25,654.66,1048.86,0
1988,2377.52,0.322,19,16,0.512,0.139,3.35,388.81,2626.91,2344.44,2230.23,2710.36,2064.65,3082.85,1
1989,760.93,0.299,25,21,0.581,0.092,3.54,155.36,908.81,547.33,1244.42,943.81,845.68,971.8,1
1990,343.46,0.538,9,9,0.117,0.189,2.94,74.0,164.76,263.36,182.92,397.7,414.01,355.55,0
1991,2908.96,0.395,21,23,0.442,0.152,3.79,550.58,2820.35,1952.45,3600.28,3561.66,1270.19,1679.9,1
1992,2718.66,0.563,14,16,0.013,0.342,3.69,800.2,3985.31,4248.31,807.09,0.0,3852.1,566.85,1
1993,1259.76,0.143,25,28,0.828,0.097,4.83,96.18,1199.98,1529.49,1394.61,1316.28,1310.95,1205.64,1
1994,2176.51,0.446,19,15,0.272,0.211,3.6,349.94,2943.9,4055.74,1074.75,1763.25,1606.8,2855.76,0
1995,2272.72,0.386,21,18,0.399,0.25,4.53,102.22,2357.66,1526.19,2685.92,2237.45,2153.38,1831.92,1
1996,1122.25,0.406,15,16,0.534,0.206,3.56,257.78,1305.24,817.88,2011.67,1225.05,1472.48,1382.79,1
1997,4068.43,0.174,23,24,0.773,0.093,3.63,912.83,4884.75,3536.79,4134.7,3560.97,3841.78,3504.89,1
1998,845.49,0.641,15,5,0.029,0.402,3.55,378.69,722.31,293.62,0.0,262.71,1991.58,498.5,1
1999,2759.01,0.113,26,37,0.978,0.013,3.64,723.16,2306.5,2446.58,2770.16,2526.51,3223.62,3197.85,1
2000,907.95,0.198,27,26,0.832,0.117,3.83,187.5,860.09,815.32,994.28,647.7,928.93,1045.75,1
